Player,Nat,Pos,Squad,Age,Wages,MP,Starts,Min,90s,Gls,Ast,CrdY,CrdR,PrgC,PrgP,Gls,Ast,Fls,Fld,Int,TklW,OG,Recov,GA,Saves,Save%
Aaron Cresswell,ENG,DF,West Ham,32,"2,600,000",28,24,"2,235",24.8,0,1,3,0,35,145,0,0.04,9,9,27,11,0,120,0,0,0
Aaron Hickey,SCO,DF,Brentford,20,"1,560,000",26,23,"1,916",21.3,0,1,7,0,41,81,0,0.05,20,35,17,26,0,111,0,0,0
Aaron Ramsdale,ENG,GK,Arsenal,24,"3,120,000",38,38,"3,420",38,0,0,1,0,0,8,0,0,0,4,0,1,0,33,43,94,70.6
Aaron Wan-Bissaka,ENG,DF,Manchester Utd,24,"4,680,000",19,16,"1,435",15.9,0,0,2,0,41,55,0,0,11,2,22,25,0,73,0,0,0
Abdoulaye Doucouré,MLI,MF,Everton,29,"6,240,000",25,17,"1,533",17,5,2,6,1,23,38,0.29,0.12,21,4,13,20,0,100,0,0,0
Adam Armstrong,ENG,FW,Southampton,25,"2,860,000",30,14,"1,335",14.8,2,1,2,0,39,16,0.13,0.07,17,9,5,9,0,54,0,0,0
Adam Forshaw,ENG,MF,Leeds United,30,"1,040,000",12,5,479,5.3,0,0,0,0,4,33,0,0,6,5,4,9,0,37,0,0,0
Adam Lallana,ENG,MF,Brighton,34,"4,680,000",16,12,722,8,2,1,0,0,10,33,0.25,0.12,2,7,2,4,0,25,0,0,0
Adam Smith,ENG,DF,Bournemouth,31,"1,820,000",37,34,"2,943",32.7,0,1,11,0,28,83,0,0.03,29,27,25,29,0,128,0,0,0
Adam Webster,ENG,DF,Brighton,27,"2,860,000",27,23,"1,985",22.1,0,0,2,0,19,119,0,0,10,6,19,12,1,143,0,0,0
Adama Traoré,ESP,FW,Wolves,26,"2,860,000",34,12,"1,496",16.6,2,1,2,0,85,36,0.12,0.06,21,34,3,7,0,66,0,0,0
Ainsley Maitland-Niles,ENG,DF,Southampton,24,"1,820,000",22,13,"1,407",15.6,0,0,3,0,15,57,0,0,13,8,22,24,0,90,0,0,0
Albert Sambi Lokonga,BEL,MF,Arsenal,22,"2,600,000",6,2,198,2.2,0,0,0,0,0,12,0,0,1,5,5,1,0,14,0,0,0
Albert Sambi Lokonga,BEL,MF,Arsenal,22,"2,600,000",6,2,198,2.2,0,0,0,0,0,12,0,0,7,12,7,10,0,34,0,0,0
Albert Sambi Lokonga,BEL,MF,Arsenal,22,"2,600,000",9,6,536,6,0,0,2,0,2,20,0,0,1,5,5,1,0,14,0,0,0
Albert Sambi Lokonga,BEL,MF,Arsenal,22,"2,600,000",9,6,536,6,0,0,2,0,2,20,0,0,7,12,7,10,0,34,0,0,0
Alejandro Garnacho,,LW,Manchester Utd,18,"364,000",19,5,569,6.3,3,2,3,0,33,12,0.47,0.32,8,8,5,2,0,28,0,0,0
Aleksandar Mitrovi?,SRB,FW,Fulham,27,"4,160,000",24,23,"2,008",22.3,14,1,7,0,24,44,0.63,0.04,34,40,3,7,0,55,0,0,0
Alex Iwobi,NGA,MF,Everton,26,"6,240,000",38,38,"3,378",37.5,2,7,2,0,90,194,0.05,0.19,19,15,25,37,0,259,0,0,0
Alex McCarthy,ENG,GK,Southampton,32,"2,600,000",6,6,540,6,0,0,0,0,0,0,0,0,0,1,1,0,0,7,17,14,46.7
Alex Mighten,ENG,FW,Nott'ham Forest,20,"180,000",1,0,8,0.1,0,0,0,0,0,0,0,0,0,1,0,0,0,0,0,0,0
Álex Moreno,ESP,DF,Aston Villa,29,"1,820,000",19,14,"1,329",14.8,0,3,3,0,65,37,0,0.2,17,11,7,14,0,69,0,0,0
Alex Oxlade-Chamberlain,ENG,FW,Liverpool,28,"6,240,000",9,4,335,3.7,1,0,0,0,11,14,0.27,0,3,4,1,4,0,20,0,0,0
Alexander Isak,SWE,FW,Newcastle Utd,22,"6,240,000",22,17,"1,522",16.9,10,1,3,0,41,48,0.59,0.06,19,15,4,8,0,38,0,0,0
Alexis Mac Allister,ARG,MF,Brighton,23,"2,600,000",35,31,"2,886",32.1,10,2,8,0,69,174,0.31,0.06,35,57,22,39,1,213,0,0,0
Alisson,BRA,GK,Liverpool,29,"7,800,000",37,37,"3,330",37,0,1,1,0,0,3,0,0.03,1,5,0,0,0,71,43,105,72.1
Allan Saint-Maximin,FRA,FW,Newcastle Utd,25,"3,640,000",25,12,"1,120",12.4,1,5,1,0,93,69,0.08,0.4,6,16,5,3,0,69,0,0,0
Alphonse Areola,FRA,GK,West Ham,29,"6,240,000",5,2,309,3.4,0,0,0,0,0,0,0,0,1,0,0,0,0,1,7,9,68.8
Amadou Onana,BEL,MF,Everton,20,"5,200,000",33,29,"2,488",27.6,1,2,9,0,27,79,0.04,0.07,44,49,37,43,0,150,0,0,0
André Ayew,GHA,FW,Nott'ham Forest,32,"2,340,000",13,1,316,3.5,0,0,1,0,3,11,0,0,3,8,0,3,0,9,0,0,0
Andreas Pereira,BRA,MF,Fulham,26,"2,600,000",33,33,"2,692",29.9,4,6,8,0,53,121,0.13,0.2,41,31,6,9,0,117,0,0,0
Andrew Robertson,SCO,DF,Liverpool,28,"5,200,000",34,29,"2,583",28.7,0,8,3,0,80,166,0,0.28,22,10,18,21,0,174,0,0,0
Angelo Ogbonna,ITA,DF,West Ham,34,"3,640,000",16,13,"1,237",13.7,0,0,0,0,0,11,0,0,2,4,17,4,0,61,0,0,0
Anthony Elanga,SWE,FW,Manchester Utd,20,"260,000",16,5,426,4.7,0,1,0,0,12,8,0,0.21,3,7,2,0,0,17,0,0,0
Anthony Gordon,ENG,FW,Newcastle Utd,21,"3,120,000",16,4,487,5.4,1,0,1,0,20,15,0.18,0,7,8,2,12,0,25,0,0,0
Anthony Gordon,ENG,FW,Newcastle Utd,21,"3,120,000",16,4,487,5.4,1,0,1,0,20,15,0.18,0,20,15,4,22,0,56,0,0,0
Anthony Gordon,ENG,FW,Newcastle Utd,21,"3,120,000",16,12,"1,095",12.2,3,0,6,0,28,19,0.25,0,7,8,2,12,0,25,0,0,0
Anthony Gordon,ENG,FW,Newcastle Utd,21,"3,120,000",16,12,"1,095",12.2,3,0,6,0,28,19,0.25,0,20,15,4,22,0,56,0,0,0
Anthony Martial,FRA,FW,Manchester Utd,26,"13,000,000",21,11,978,10.9,6,2,0,0,18,35,0.55,0.18,8,14,1,3,0,20,0,0,0
Antoine Semenyo,GHA,FW,Bournemouth,22,"1,040,000",11,2,258,2.9,1,0,0,0,5,5,0.35,0,6,5,2,0,0,13,0,0,0
Antonee Robinson,USA,DF,Fulham,24,"1,300,000",35,35,"3,088",34.3,0,1,8,0,112,129,0,0.03,33,23,53,38,0,235,0,0,0
Antony,BRA,FW,Manchester Utd,22,"10,400,000",25,23,"1,802",20,4,2,5,0,95,74,0.2,0.1,15,25,11,9,0,99,0,0,0
Armando Broja,ALB,FW,Chelsea,20,"2,080,000",12,2,294,3.3,1,0,0,0,8,4,0.31,0,2,6,1,1,0,15,0,0,0
Armel Bella Kotchap,GER,DF,Southampton,20,"780,000",24,24,"1,879",20.9,0,2,4,0,9,39,0,0.1,9,33,44,17,0,145,0,0,0
Arnaut Danjuma,NED,FW,Tottenham,25,"2,340,000",9,1,169,1.9,1,0,0,0,5,2,0.53,0,0,1,0,0,0,1,0,0,0
Ashley Young,ENG,DF,Aston Villa,37,"2,600,000",29,23,"2,036",22.6,1,0,7,0,29,107,0.04,0,24,28,21,27,0,131,0,0,0
Asmir Begovi?,BIH,GK,Everton,35,"2,340,000",1,1,90,1,0,0,0,0,0,0,0,0,0,0,0,0,0,0,0,4,100
Aymeric Laporte,ESP,DF,Manchester City,28,"6,240,000",12,11,993,11,0,0,0,0,30,85,0,0,5,7,3,8,0,55,0,0,0
Ayoze Pérez,ESP,MF,Leicester City,29,"2,340,000",8,3,382,4.2,0,1,0,0,17,20,0,0.24,7,12,2,8,0,35,0,0,0
Ben Chilwell,ENG,DF,Chelsea,25,"9,880,000",23,15,"1,408",15.6,2,2,3,0,43,41,0.13,0.13,13,23,18,17,0,68,0,0,0
Ben Davies,WAL,DF,Tottenham,29,"4,160,000",31,26,"2,288",25.4,2,2,4,0,39,107,0.08,0.08,30,17,18,11,0,84,0,0,0
Ben Godfrey,ENG,DF,Everton,24,"3,900,000",13,10,802,8.9,0,1,2,0,9,19,0,0.11,10,5,8,11,0,35,0,0,0
Ben Johnson,ENG,DF,West Ham,22,"1,040,000",17,9,866,9.6,0,0,0,0,15,37,0,0,3,5,9,14,0,67,0,0,0
Ben Mee,ENG,DF,Brentford,32,"2,860,000",37,37,"3,269",36.3,3,1,2,0,8,84,0.08,0.03,14,15,48,24,0,199,0,0,0
Ben Pearson,ENG,MF,Bournemouth,27,"416,000",7,3,286,3.2,0,0,1,0,2,5,0,0,9,2,2,3,0,19,0,0,0
Ben White,ENG,DF,Arsenal,24,"6,240,000",38,36,"3,055",33.9,2,5,5,0,64,249,0.06,0.15,28,30,22,31,0,155,0,0,0
Benoît Badiashile,FRA,DF,Chelsea,21,"4,680,000",11,10,905,10.1,1,0,2,0,11,56,0.1,0,9,6,16,8,0,76,0,0,0
Bernardo Silva,POR,MF,Manchester City,27,"7,800,000",34,24,"2,205",24.5,4,5,5,0,90,130,0.16,0.2,31,15,16,23,0,122,0,0,0
Bernd Leno,GER,GK,Fulham,30,"4,680,000",36,36,"3,240",36,0,0,3,0,0,0,0,0,1,3,0,0,0,50,51,142,77.1
Bertrand Traoré,BFA,FW,Aston Villa,26,"4,050,000",8,1,233,2.6,2,0,1,0,9,9,0.77,0,2,8,2,1,0,8,0,0,0
Billy Gilmour,SCO,MF,Brighton,21,"1,040,000",14,7,507,5.6,0,1,1,0,5,35,0,0.18,8,3,6,2,0,35,0,0,0
Bobby Reid,JAM,FW,Fulham,29,"1,820,000",36,29,"2,475",27.5,4,1,8,0,46,63,0.15,0.04,34,22,20,24,0,135,0,0,0
Boubacar Kamara,FRA,MF,Aston Villa,22,"7,800,000",24,21,"1,777",19.7,0,1,4,0,16,84,0,0.05,34,31,19,25,0,126,0,0,0
Boubacar Traoré,MLI,MF,Wolves,20,"2,860,000",10,4,411,4.6,0,1,2,0,4,8,0,0.22,10,2,7,5,0,27,0,0,0
Boubakary Soumaré,FRA,MF,Leicester City,23,"4,160,000",26,20,"1,629",18.1,0,0,9,0,17,73,0,0,31,22,33,34,0,119,0,0,0
Brenden Aaronson,USA,MF,Leeds United,21,"2,340,000",36,28,"2,372",26.4,1,3,2,0,43,86,0.04,0.11,16,55,5,18,0,128,0,0,0
Brennan Johnson,WAL,FW,Nott'ham Forest,21,"1,560,000",38,33,"2,934",32.6,8,3,6,0,88,30,0.25,0.09,37,21,5,20,0,89,0,0,0
Bruno Fernandes,POR,MF,Manchester Utd,27,"12,480,000",37,37,"3,316",36.8,8,8,6,0,89,263,0.22,0.22,42,39,25,42,0,222,0,0,0
Bruno Guimarães,BRA,MF,Newcastle Utd,24,"6,240,000",32,32,"2,726",30.3,4,5,7,0,41,222,0.13,0.17,45,83,36,40,0,233,0,0,0
Bryan Gil,ESP,MF,Tottenham,21,"2,080,000",4,2,148,1.6,0,1,1,0,4,5,0,0.61,2,2,1,1,0,3,0,0,0
Bryan Mbeumo,CMR,FW,Brentford,22,"2,340,000",38,36,"2,906",32.3,9,8,5,0,66,88,0.28,0.25,27,23,13,18,0,135,0,0,0
Bukayo Saka,ENG,FW,Arsenal,20,"3,640,000",38,37,"3,181",35.3,14,11,6,0,179,109,0.4,0.31,43,65,14,34,0,127,0,0,0
Cafú,POR,MF,Nott'ham Forest,29,"520,000",1,0,7,0.1,0,0,0,0,0,1,0,0,0,0,0,0,0,1,0,0,0
Ça?lar Söyüncü,TUR,DF,Leicester City,26,"2,340,000",7,6,529,5.9,1,0,2,0,5,12,0.17,0,7,4,7,9,0,42,0,0,0
Callum Wilson,ENG,FW,Newcastle Utd,30,"2,392,000",31,21,"1,877",20.9,18,5,4,0,27,19,0.86,0.24,21,31,1,3,0,39,0,0,0
Calum Chambers,ENG,DF,Aston Villa,27,"2,600,000",14,2,353,3.9,0,0,2,0,6,16,0,0,7,2,7,6,0,23,0,0,0
Cameron Archer,ENG,FW,Aston Villa,21,"1,040,000",6,0,49,0.5,0,0,0,0,3,0,0,0,2,1,0,0,0,2,0,0,0
Caoimhín Kelleher,IRL,GK,Liverpool,23,"520,000",1,1,90,1,0,0,0,0,0,0,0,0,0,0,0,0,0,0,4,6,60
Carlos Alcaraz,ARG,MF,Southampton,19,"1,300,000",18,13,"1,029",11.4,4,2,3,0,20,28,0.35,0.17,16,17,1,5,0,53,0,0,0
Carlos Vinícius,BRA,FW,Fulham,27,"2,080,000",28,11,"1,109",12.3,5,2,3,0,9,15,0.41,0.16,21,15,0,1,0,22,0,0,0
Carney Chukwuemeka,ENG,MF,Chelsea,18,"5,200,000",14,2,354,3.9,0,0,0,0,21,23,0,0,2,5,6,7,0,22,0,0,0
Casemiro,BRA,MF,Manchester Utd,30,"18,200,000",28,24,"2,124",23.6,4,3,7,2,14,152,0.17,0.13,48,24,34,46,0,205,0,0,0
Cédric Soares,POR,DF,Arsenal,30,"3,900,000",2,0,29,0.3,0,0,0,0,1,3,0,0,1,0,0,0,0,0,0,0,0
Cédric Soares,POR,DF,Arsenal,30,"3,900,000",2,0,29,0.3,0,0,0,0,1,3,0,0,1,2,1,5,0,11,0,0,0
Cédric Soares,POR,DF,Arsenal,30,"3,900,000",6,2,198,2.2,0,0,0,0,4,12,0,0,1,0,0,0,0,0,0,0,0
Cédric Soares,POR,DF,Arsenal,30,"3,900,000",6,2,198,2.2,0,0,0,0,4,12,0,0,1,2,1,5,0,11,0,0,0
César Azpilicueta,ESP,DF,Chelsea,32,"9,360,000",25,16,"1,527",17,0,0,3,0,23,71,0,0,27,7,19,25,1,59,0,0,0
Che Adams,SCO,FW,Southampton,26,"1,560,000",28,23,"1,992",22.1,5,3,1,0,17,34,0.23,0.14,38,27,4,13,0,53,0,0,0
Cheick Doucouré,MLI,MF,Crystal Palace,22,"3,120,000",34,34,"2,769",30.8,0,3,10,1,18,140,0,0.1,38,13,56,46,0,220,0,0,0
Cheikhou Kouyaté,SEN,MF,Nott'ham Forest,32,"2,340,000",21,10,882,9.8,1,0,3,0,6,19,0.1,0,22,12,10,21,0,56,0,0,0
Chem Campbell,WAL,FW,Wolves,19,"130,000",5,0,74,0.8,0,0,0,0,2,4,0,0,0,1,1,1,0,4,0,0,0
Chris Mepham,WAL,DF,Bournemouth,24,"1,820,000",26,24,"2,199",24.4,0,0,7,0,2,42,0,0,16,7,30,22,2,85,0,0,0
Chris Richards,USA,DF,Crystal Palace,22,"2,860,000",9,4,447,5,0,0,0,0,4,14,0,0,2,1,8,6,0,15,0,0,0
Chris Wood,NZL,FW,Newcastle Utd,30,"4,160,000",7,5,372,4.1,1,0,0,0,2,7,0.24,0,4,4,1,4,0,17,0,0,0
Chris Wood,NZL,FW,Newcastle Utd,30,"4,160,000",7,5,372,4.1,1,0,0,0,2,7,0.24,0,2,3,1,0,0,4,0,0,0
Chris Wood,NZL,FW,Newcastle Utd,30,"4,160,000",18,4,446,5,2,0,0,0,1,4,0.4,0,4,4,1,4,0,17,0,0,0
Chris Wood,NZL,FW,Newcastle Utd,30,"4,160,000",18,4,446,5,2,0,0,0,1,4,0.4,0,2,3,1,0,0,4,0,0,0
Christian Eriksen,DEN,MF,Manchester Utd,30,"7,800,000",28,25,"2,048",22.8,1,8,3,0,23,164,0.04,0.35,13,10,11,18,0,151,0,0,0
Christian Nørgaard,DEN,MF,Brentford,28,"1,820,000",22,21,"1,763",19.6,1,3,6,0,4,73,0.05,0.15,35,20,34,30,0,165,0,0,0
Christian Pulisic,USA,FW,Chelsea,23,"7,800,000",24,8,821,9.1,1,1,1,0,35,23,0.11,0.11,10,15,4,6,0,31,0,0,0
Clément Lenglet,FRA,DF,Tottenham,27,"7,540,000",26,24,"2,019",22.4,0,2,4,0,33,85,0,0.09,23,17,18,23,0,119,0,0,0
Cody Drameh,ENG,DF,Leeds United,20,"130,000",1,1,69,0.8,0,0,0,0,0,2,0,0,1,0,1,4,0,5,0,0,0
Cody Gakpo,NED,FW,Liverpool,23,"6,240,000",21,17,"1,458",16.2,7,2,0,0,36,50,0.43,0.12,26,33,4,15,0,57,0,0,0
Cole Palmer,ENG,MF,Manchester City,20,"1,040,000",14,2,370,4.1,0,1,1,0,29,13,0,0.24,1,6,1,1,0,20,0,0,0
Connor Ronan,IRL,MF,Wolves,24,"156,000",1,0,1,0,0,0,0,0,0,0,0,0,0,0,0,0,0,0,0,0,0
Conor Coady,ENG,DF,Everton,29,"2,860,000",24,23,"2,096",23.3,1,1,2,0,4,43,0.04,0.04,11,13,14,9,0,92,0,0,0
Conor Coventry,IRL,MF,West Ham,22,"260,000",1,0,1,0,0,0,0,0,0,0,0,0,0,0,0,0,0,0,0,0,0
Conor Gallagher,ENG,MF,Chelsea,22,"2,600,000",35,18,"1,621",18,3,1,11,1,40,105,0.17,0.06,35,35,23,33,0,93,0,0,0
Craig Dawson,ENG,DF,West Ham,32,"2,340,000",8,8,720,8,0,0,2,0,0,18,0,0,6,3,6,7,0,45,0,0,0
Craig Dawson,ENG,DF,West Ham,32,"2,340,000",8,8,720,8,0,0,2,0,0,18,0,0,11,10,12,6,0,75,0,0,0
Craig Dawson,ENG,DF,West Ham,32,"2,340,000",17,17,"1,414",15.7,1,0,4,0,5,44,0.06,0,6,3,6,7,0,45,0,0,0
Craig Dawson,ENG,DF,West Ham,32,"2,340,000",17,17,"1,414",15.7,1,0,4,0,5,44,0.06,0,11,10,12,6,0,75,0,0,0
Cristian Romero,ARG,DF,Tottenham,24,"8,580,000",27,26,"2,364",26.3,0,1,11,1,19,92,0,0.04,42,12,44,36,0,173,0,0,0
Cristiano Ronaldo,POR,FW,Manchester Utd,37,"26,780,000",10,4,525,5.8,1,0,2,0,9,12,0.17,0,7,5,1,2,0,12,0,0,0
Crysencio Summerville,NED,FW,Leeds United,20,"780,000",28,12,"1,426",15.8,4,2,4,0,51,45,0.25,0.13,22,41,13,20,0,90,0,0,0
Curtis Jones,ENG,MF,Liverpool,21,"780,000",18,12,"1,035",11.5,3,1,2,0,31,69,0.26,0.09,13,16,3,17,0,56,0,0,0
Dan Burn,ENG,DF,Newcastle Utd,30,"1,820,000",38,35,"3,111",34.6,1,0,5,0,29,118,0.03,0,35,4,32,38,0,166,0,0,0
Dango Ouattara,BFA,MF,Bournemouth,20,"1,820,000",19,15,"1,241",13.8,1,3,1,0,39,23,0.07,0.22,6,15,13,15,0,64,0,0,0
Daniel Amartey,GHA,DF,Leicester City,27,"1,040,000",20,18,"1,610",17.9,0,0,1,0,23,66,0,0,7,3,8,8,0,108,0,0,0
Daniel Bentley,ENG,GK,Wolves,29,"520,000",2,2,180,2,0,0,0,0,0,0,0,0,0,1,0,1,0,1,3,10,76.9
Daniel Iversen,DEN,GK,Leicester City,25,"1,040,000",12,12,"1,080",12,0,0,0,0,0,0,0,0,0,0,0,0,1,6,22,38,66.1
Daniel James,WAL,FW,Fulham,24,"2,600,000",4,2,198,2.2,0,0,0,0,6,3,0,0,2,6,2,2,0,7,0,0,0
Daniel James,WAL,FW,Fulham,24,"2,600,000",4,2,198,2.2,0,0,0,0,6,3,0,0,2,14,1,6,0,35,0,0,0
Daniel James,WAL,FW,Fulham,24,"2,600,000",20,5,621,6.9,2,1,0,0,24,15,0.29,0.14,2,6,2,2,0,7,0,0,0
Daniel James,WAL,FW,Fulham,24,"2,600,000",20,5,621,6.9,2,1,0,0,24,15,0.29,0.14,2,14,1,6,0,35,0,0,0
Daniel Podence,POR,FW,Wolves,26,"3,120,000",32,20,"1,771",19.7,6,0,5,0,43,95,0.3,0,26,23,7,17,0,87,0,0,0
Danilo,BRA,MF,Nott'ham Forest,21,"1,560,000",13,12,976,10.8,3,2,1,0,13,34,0.28,0.18,4,3,9,7,0,60,0,0,0
Danny Ings,ENG,FW,West Ham,30,"6,500,000",18,8,824,9.2,6,0,3,0,15,12,0.66,0,8,9,3,8,0,27,0,0,0
Danny Ings,ENG,FW,West Ham,30,"6,500,000",18,8,824,9.2,6,0,3,0,15,12,0.66,0,8,5,1,5,0,19,0,0,0
Danny Ings,ENG,FW,West Ham,30,"6,500,000",17,7,775,8.6,2,2,1,0,9,12,0.23,0.23,8,9,3,8,0,27,0,0,0
Danny Ings,ENG,FW,West Ham,30,"6,500,000",17,7,775,8.6,2,2,1,0,9,12,0.23,0.23,8,5,1,5,0,19,0,0,0
Danny Ward,WAL,GK,Leicester City,29,"2,080,000",26,26,"2,340",26,0,0,0,0,0,0,0,0,0,5,0,1,0,27,46,75,63
Danny Welbeck,ENG,FW,Brighton,31,"2,860,000",31,21,"1,854",20.6,6,3,0,0,31,49,0.29,0.15,25,18,5,7,0,37,0,0,0
Darwin Núñez,URU,FW,Liverpool,23,"7,280,000",29,19,"1,695",18.8,9,3,1,1,61,29,0.48,0.16,25,17,3,5,0,44,0,0,0
David Brooks,WAL,FW,Bournemouth,25,"2,600,000",6,2,173,1.9,0,0,1,0,5,11,0,0,3,1,2,0,0,4,0,0,0
David Datro Fofana,,CF,Chelsea,20,"1,560,000",3,1,70,0.8,0,0,0,0,2,2,0,0,3,3,0,1,0,6,0,0,0
David de Gea,ESP,GK,Manchester Utd,31,"19,500,000",38,38,"3,420",38,0,0,0,0,0,0,0,0,0,5,1,0,0,25,43,99,71.1
David Raya,ESP,GK,Brentford,26,"1,300,000",38,38,"3,420",38,0,0,1,0,0,13,0,0,0,6,1,0,1,47,46,154,77.7
Davinson Sánchez,COL,DF,Tottenham,26,"3,380,000",18,8,858,9.5,0,0,1,0,5,35,0,0,7,4,12,11,0,45,0,0,0
Dean Henderson,ENG,GK,Nott'ham Forest,25,"5,200,000",18,18,"1,620",18,0,0,2,0,0,0,0,0,1,1,0,0,0,11,31,52,65.9
Declan Rice,ENG,MF,West Ham,23,"3,120,000",37,36,"3,273",36.4,4,1,5,0,89,240,0.11,0.03,23,11,63,38,0,334,0,0,0
Degnand Gnonto,ITA,FW,Leeds United,18,"1,040,000",24,14,"1,354",15,2,4,7,0,66,35,0.13,0.27,28,39,5,17,0,82,0,0,0
Dejan Kulusevski,SWE,MF,Tottenham,22,"5,720,000",30,23,"2,067",23,2,7,2,0,87,67,0.09,0.3,36,25,13,15,0,145,0,0,0
Demarai Gray,JAM,FW,Everton,26,"1,300,000",33,27,"2,507",27.9,4,1,3,0,94,46,0.14,0.04,24,51,13,24,0,98,0,0,0
Denis Zakaria,SUI,MF,Chelsea,25,"4,680,000",7,5,411,4.6,0,0,0,0,9,6,0,0,5,2,3,5,0,21,0,0,0
Deniz Undav,GER,FW,Brighton,26,"1,040,000",22,6,628,7,5,0,2,0,12,10,0.72,0,15,4,0,4,1,21,0,0,0
Dennis Praet,BEL,MF,Leicester City,28,"3,900,000",22,6,649,7.2,1,0,1,0,15,17,0.14,0,9,8,5,9,0,48,0,0,0
Diego Carlos,BRA,DF,Aston Villa,29,"5,200,000",3,2,205,2.3,0,0,0,0,1,11,0,0,2,0,1,0,0,14,0,0,0
Diego Costa,ESP,FW,Wolves,33,"2,600,000",23,16,"1,241",13.8,1,0,5,1,19,13,0.07,0,29,10,2,1,0,25,0,0,0
Diego Llorente,ESP,DF,Leeds United,28,"2,340,000",8,7,649,7.2,0,0,1,0,2,27,0,0,6,2,15,10,0,57,0,0,0
Diogo Dalot,POR,DF,Manchester Utd,23,"1,300,000",26,24,"2,154",23.9,1,2,6,0,46,92,0.04,0.08,21,3,37,41,0,152,0,0,0
Diogo Jota,POR,FW,Liverpool,25,"7,280,000",22,12,"1,131",12.6,7,4,2,0,34,30,0.56,0.32,19,15,3,15,0,60,0,0,0
Djed Spence,ENG,FW,Tottenham,21,"1,300,000",4,0,7,0.1,0,0,0,0,2,0,0,0,0,0,0,0,0,1,0,0,0
Dominic Calvert-Lewin,ENG,FW,Everton,25,"5,200,000",17,15,"1,165",12.9,2,1,3,0,18,15,0.15,0.08,22,14,3,2,0,28,0,0,0
Dominic Solanke,ENG,FW,Bournemouth,24,"2,600,000",33,32,"2,860",31.8,6,7,2,0,70,47,0.19,0.22,40,53,6,9,0,87,0,0,0
Donny van de Beek,NED,MF,Manchester Utd,25,"6,240,000",7,2,167,1.9,0,0,0,0,2,6,0,0,4,2,1,0,0,3,0,0,0
Douglas Luiz,BRA,MF,Aston Villa,24,"3,900,000",37,33,"2,927",32.5,6,6,6,1,48,148,0.18,0.18,48,42,40,42,0,197,0,0,0
Duje ?aleta-Car,CRO,DF,Southampton,25,"2,080,000",13,9,946,10.5,1,0,2,0,5,33,0.1,0,9,1,15,10,0,54,0,0,0
Dwight McNeil,ENG,FW,Everton,22,"1,300,000",36,28,"2,498",27.8,7,3,5,0,76,69,0.25,0.11,22,21,31,41,0,175,0,0,0
Eberechi Eze,ENG,MF,Crystal Palace,24,"1,560,000",38,30,"2,636",29.3,10,4,3,0,69,131,0.34,0.14,27,57,13,24,0,180,0,0,0
Eddie Nketiah,ENG,FW,Arsenal,23,"5,200,000",30,9,"1,089",12.1,4,1,3,0,32,15,0.33,0.08,30,25,1,9,0,30,0,0,0
Ederson,BRA,GK,Manchester City,28,"5,200,000",35,35,"3,150",35,0,1,3,0,0,0,0,0.03,1,4,1,1,0,35,32,46,62.3
Edouard Mendy,SEN,GK,Chelsea,30,"2,860,000",10,9,855,9.5,0,0,1,0,0,0,0,0,0,2,0,0,0,15,14,25,64.1
Elliot Anderson,SCO,MF,Newcastle Utd,19,"1,560,000",22,3,410,4.6,0,1,0,0,23,24,0,0.22,6,10,6,5,0,29,0,0,0
Ellis Simms,ENG,FW,Everton,21,"364,000",11,2,228,2.5,1,0,0,0,2,4,0.39,0,0,1,0,0,0,6,0,0,0
Emerson,BRA,DF,Tottenham,23,"2,080,000",26,20,"1,735",19.3,2,1,2,1,47,80,0.1,0.05,21,33,18,33,0,102,0,0,0
Emerson Palmieri,ITA,DF,West Ham,27,"4,940,000",22,16,"1,320",14.7,1,0,2,0,39,45,0.07,0,13,15,15,14,0,66,0,0,0
Emi Buendía,ARG,MF,Aston Villa,25,"3,900,000",38,27,"2,412",26.8,5,2,0,0,60,138,0.19,0.07,43,44,20,23,0,138,0,0,0
Emil Krafth,SWE,DF,Newcastle Utd,27,"2,860,000",1,0,1,0,0,0,0,0,0,0,0,0,0,0,0,0,0,0,0,0,0
Emile Smith Rowe,ENG,MF,Arsenal,22,"2,080,000",12,0,172,1.9,0,2,0,0,2,7,0,1.05,1,1,0,1,0,8,0,0,0
Emiliano Marcondes,DEN,MF,Bournemouth,27,"780,000",1,0,9,0.1,0,0,0,0,0,1,0,0,0,1,0,0,0,1,0,0,0
Emiliano Martínez,ARG,GK,Aston Villa,29,"6,240,000",36,36,"3,139",34.9,0,0,7,0,0,0,0,0,1,6,1,0,1,41,38,97,74.2
Emmanuel Dennis,NGA,FW,Nott'ham Forest,24,"2,080,000",19,6,720,8,2,2,3,0,24,17,0.25,0.25,15,29,2,11,0,38,0,0,0
Enzo Fernández,ARG,MF,Chelsea,21,"9,360,000",18,18,"1,547",17.2,0,2,3,0,22,168,0,0.12,11,22,16,27,0,118,0,0,0
Eric Dier,ENG,DF,Tottenham,28,"4,420,000",33,31,"2,818",31.3,2,1,3,0,9,87,0.06,0.03,25,10,35,19,0,140,0,0,0
Erling Haaland,NOR,FW,Manchester City,22,"19,500,000",35,33,"2,769",30.8,36,8,5,0,35,58,1.17,0.26,31,24,3,2,0,37,0,0,0
Ethan Pinnock,JAM,DF,Brentford,29,"780,000",30,30,"2,700",30,3,0,0,0,2,52,0.1,0,6,10,35,28,1,123,0,0,0
Evan Ferguson,IRL,FW,Brighton,17,"156,000",19,10,950,10.6,6,2,1,0,11,14,0.57,0.19,9,11,2,3,0,25,0,0,0
Ezri Konsa,ENG,DF,Aston Villa,24,"1,560,000",38,37,"3,322",36.9,0,0,6,0,7,56,0,0,12,64,26,20,0,164,0,0,0
Fabian Schär,SUI,DF,Newcastle Utd,30,"2,080,000",36,36,"3,206",35.6,1,3,7,0,27,139,0.03,0.08,20,27,52,22,1,209,0,0,0
Fabinho,BRA,MF,Liverpool,28,"9,360,000",36,31,"2,671",29.7,0,2,11,0,15,161,0,0.07,53,24,37,38,0,180,0,0,0
Fabio Carvalho,POR,MF,Liverpool,19,"2,080,000",13,4,347,3.9,2,0,0,0,9,12,0.52,0,6,6,6,8,0,19,0,0,0
Fabio Vieira,POR,MF,Arsenal,22,"2,340,000",22,3,514,5.7,1,2,0,0,8,35,0.18,0.35,3,5,4,4,0,34,0,0,0
Facundo Buonanotte,,AM,Brighton,18,"780,000",13,6,565,6.3,1,1,2,0,9,13,0.16,0.16,9,7,4,1,0,25,0,0,0
Facundo Pellistri,URU,FW,Manchester Utd,20,"1,040,000",4,0,64,0.7,0,0,0,0,1,1,0,0,1,2,0,1,0,1,0,0,0
Felipe,BRA,DF,Nott'ham Forest,33,"4,160,000",16,15,"1,418",15.8,0,1,4,0,3,22,0,0.06,15,11,36,23,0,108,0,0,0
Flynn Downes,ENG,MF,West Ham,23,"1,300,000",21,7,762,8.5,0,0,2,0,3,22,0,0,8,12,7,9,0,44,0,0,0
Frank Onyeka,NGA,MF,Brentford,24,"1,300,000",21,8,848,9.4,0,2,0,0,9,28,0,0.21,15,26,10,14,0,50,0,0,0
Fraser Forster,ENG,GK,Tottenham,34,"3,900,000",14,13,"1,215",13.5,0,0,1,0,0,0,0,0,0,2,0,0,0,15,24,30,60
Fred,BRA,MF,Manchester Utd,29,"6,240,000",35,12,"1,249",13.9,2,2,6,0,10,76,0.14,0.14,33,22,19,30,0,127,0,0,0
Gabriel Dos Santos,BRA,DF,Arsenal,24,"2,600,000",38,38,"3,409",37.9,3,0,5,0,18,153,0.08,0,25,40,32,30,0,191,0,0,0
Gabriel Jesus,BRA,FW,Arsenal,25,"13,780,000",26,24,"2,064",22.9,11,6,6,0,44,64,0.48,0.26,43,56,11,25,0,79,0,0,0
Gabriel Martinelli,BRA,FW,Arsenal,21,"3,640,000",36,34,"2,789",31,15,5,3,0,124,94,0.48,0.16,39,37,9,18,0,103,0,0,0
Gavin Bazunu,IRL,GK,Southampton,20,"1,040,000",32,32,"2,880",32,0,0,0,0,0,1,0,0,1,2,1,0,0,39,56,67,54.2
Georginio Rutter,FRA,FW,Leeds United,20,"3,640,000",11,1,273,3,0,1,0,0,5,6,0,0.33,5,6,3,9,0,7,0,0,0
Gianluca Scamacca,ITA,FW,West Ham,23,"4,680,000",16,11,926,10.3,3,0,3,0,13,17,0.29,0,16,10,4,5,0,23,0,0,0
Giulian Biancone,FRA,DF,Nott'ham Forest,22,"1,040,000",2,0,17,0.2,0,0,0,0,2,0,0,0,0,0,1,1,0,5,0,0,0
Gonçalo Guedes,POR,FW,Wolves,25,"4,680,000",13,8,707,7.9,1,1,1,0,20,16,0.13,0.13,11,24,1,6,0,34,0,0,0
Granit Xhaka,SUI,MF,Arsenal,29,"6,240,000",37,36,"2,993",33.3,7,7,4,0,42,196,0.21,0.21,26,39,15,27,0,152,0,0,0
Gustavo Scarpa,BRA,MF,Nott'ham Forest,28,"1,560,000",6,2,181,2,0,0,1,0,9,12,0,0,4,8,0,2,0,12,0,0,0
Hakim Ziyech,MAR,FW,Chelsea,29,"5,200,000",18,6,661,7.3,0,3,1,0,20,42,0,0.41,12,14,5,12,0,46,0,0,0
Hamed Junior Traorè,CIV,FW,Bournemouth,22,"2,340,000",7,5,427,4.7,0,0,0,0,19,26,0,0,4,4,2,11,0,33,0,0,0
Harrison Reed,ENG,MF,Fulham,27,"1,560,000",37,35,"2,866",31.8,3,4,5,0,30,102,0.09,0.13,38,21,19,27,1,160,0,0,0
Harry Kane,ENG,FW,Tottenham,29,"10,400,000",38,38,"3,405",37.8,30,3,6,0,60,180,0.79,0.08,31,56,2,12,0,96,0,0,0
Harry Maguire,ENG,DF,Manchester Utd,29,"9,880,000",16,8,767,8.5,0,0,4,0,8,26,0,0,8,4,13,6,0,55,0,0,0
Harry Souttar,AUS,DF,Leicester City,23,"2,080,000",12,11,992,11,0,1,2,0,6,29,0,0.09,5,5,12,9,1,45,0,0,0
Harry Toffolo,ENG,DF,Nott'ham Forest,26,"780,000",19,9,940,10.4,0,0,2,0,8,29,0,0,10,5,10,8,0,54,0,0,0
Harry Wilson,WAL,FW,Fulham,25,"1,820,000",29,13,"1,100",12.2,2,3,1,0,18,37,0.16,0.25,11,32,6,13,0,54,0,0,0
Harvey Barnes,ENG,FW,Leicester City,24,"2,080,000",34,32,"2,711",30.1,13,1,3,0,100,79,0.43,0.03,38,37,8,14,0,101,0,0,0
Harvey Elliott,ENG,MF,Liverpool,19,"2,080,000",32,18,"1,613",17.9,1,2,2,0,54,142,0.06,0.11,14,25,15,18,0,122,0,0,0
Hugo Bueno,,LB,Wolves,20,"260,000",21,16,"1,310",14.6,0,1,1,0,52,39,0,0.07,7,7,10,16,0,90,0,0,0
Hugo Lloris,FRA,GK,Tottenham,35,"5,200,000",25,25,"2,205",24.5,0,0,0,0,0,0,0,0,0,2,1,1,1,30,39,79,67.5
Hwang Hee-chan,KOR,FW,Wolves,26,"1,560,000",27,12,"1,130",12.6,3,1,1,0,25,30,0.24,0.08,20,19,5,9,0,45,0,0,0
Ibrahima Diallo,FRA,MF,Southampton,23,"2,860,000",18,11,819,9.1,0,0,4,0,9,28,0,0,18,7,6,15,0,82,0,0,0
Ibrahima Konaté,FRA,DF,Liverpool,23,"3,640,000",18,17,"1,552",17.2,0,0,5,0,7,56,0,0,29,15,26,26,1,107,0,0,0
Idrissa Gana Gueye,SEN,MF,Everton,32,"4,160,000",33,32,"2,577",28.6,0,1,7,0,27,98,0,0.03,43,50,56,57,0,266,0,0,0
?lkay Gündo?an,GER,MF,Manchester City,31,"7,280,000",31,27,"2,353",26.1,8,4,0,0,53,170,0.31,0.15,23,25,20,18,0,155,0,0,0
Illan Meslier,FRA,GK,Leeds United,22,"1,560,000",34,34,"3,060",34,0,0,3,0,0,0,0,0,1,5,1,1,0,34,67,92,59.5
Issa Diop,FRA,DF,Fulham,25,"3,640,000",25,21,"2,012",22.4,1,0,2,0,13,70,0.04,0,16,8,35,19,0,116,0,0,0
Ivan Periši?,CRO,DF,Tottenham,33,"9,360,000",34,23,"2,108",23.4,1,8,6,0,87,61,0.04,0.34,30,8,22,24,0,117,0,0,0
Ivan Toney,ENG,FW,Brentford,26,"1,040,000",33,33,"2,951",32.8,20,4,9,0,14,79,0.61,0.12,52,74,14,13,0,103,0,0,0
Jack Colback,ENG,MF,Nott'ham Forest,32,"780,000",11,4,497,5.5,0,0,0,0,5,16,0,0,9,8,3,13,0,24,0,0,0
Jack Grealish,ENG,FW,Manchester City,26,"15,600,000",28,23,"2,055",22.8,5,7,4,0,143,100,0.22,0.31,27,78,7,16,0,110,0,0,0
Jack Harrison,ENG,FW,Leeds United,25,"2,600,000",36,34,"2,708",30.1,5,7,2,0,103,103,0.17,0.23,38,37,22,17,0,174,0,0,0
Jack Stacey,ENG,DF,Bournemouth,26,"1,560,000",10,3,299,3.3,0,0,2,0,9,2,0,0,4,0,5,4,0,15,0,0,0
Jack Stephens,ENG,DF,Bournemouth,28,"2,340,000",2,0,46,0.5,0,0,0,0,3,3,0,0,1,0,1,2,0,0,0,0,0
Jack Stephens,ENG,DF,Bournemouth,28,"2,340,000",2,0,46,0.5,0,0,0,0,3,3,0,0,8,2,16,11,0,66,0,0,0
Jack Stephens,ENG,DF,Bournemouth,28,"2,340,000",15,13,"1,173",13,0,0,3,0,7,34,0,0,1,0,1,2,0,0,0,0,0
Jack Stephens,ENG,DF,Bournemouth,28,"2,340,000",15,13,"1,173",13,0,0,3,0,7,34,0,0,8,2,16,11,0,66,0,0,0
Jacob Murphy,ENG,FW,Newcastle Utd,27,"1,820,000",36,14,"1,251",13.9,4,2,0,0,66,57,0.29,0.14,8,14,7,7,0,69,0,0,0
Jacob Ramsey,ENG,MF,Aston Villa,21,"3,640,000",35,31,"2,636",29.3,6,7,5,0,94,98,0.2,0.24,35,45,23,39,1,141,0,0,0
Jadon Sancho,ENG,FW,Manchester Utd,22,"18,200,000",26,21,"1,686",18.7,6,3,0,0,88,76,0.32,0.16,9,10,7,10,0,109,0,0,0
Jaidon Anthony,ENG,MF,Bournemouth,22,"520,000",30,11,"1,257",14,3,1,2,0,31,49,0.21,0.07,9,12,10,17,0,80,0,0,0
Jaïro Riedewald,NED,DF,Crystal Palace,25,"2,860,000",6,0,64,0.7,0,0,0,0,1,1,0,0,2,1,0,1,0,8,0,0,0
Jakub Kiwior,POL,DF,Arsenal,22,"3,016,000",7,5,427,4.7,1,0,0,0,0,6,0.21,0,1,1,6,5,0,20,0,0,0
Jamaal Lascelles,ENG,DF,Newcastle Utd,28,"2,080,000",7,2,218,2.4,0,0,4,0,0,3,0,0,6,2,0,0,0,5,0,0,0
Jamal Lewis,NIR,DF,Newcastle Utd,24,"1,976,000",2,0,11,0.1,0,0,0,0,0,1,0,0,0,0,0,0,0,2,0,0,0
Jamal Lowe,JAM,MF,Bournemouth,28,"624,000",2,0,12,0.1,0,0,0,0,0,1,0,0,0,0,0,0,0,0,0,0,0
James Bree,ENG,DF,Southampton,24,"520,000",5,4,367,4.1,0,0,1,0,4,5,0,0,1,0,6,3,0,17,0,0,0
James Garner,ENG,MF,Everton,21,"1,560,000",16,7,804,8.9,0,1,3,0,8,33,0,0.11,16,10,12,13,0,68,0,0,0
James Justin,ENG,DF,Leicester City,24,"1,560,000",14,14,"1,252",13.9,0,0,0,0,20,47,0,0,8,29,15,18,0,64,0,0,0
James Maddison,ENG,MF,Leicester City,25,"5,720,000",30,28,"2,480",27.6,10,9,10,0,77,151,0.36,0.33,31,79,13,26,0,101,0,0,0
James McArthur,SCO,MF,Crystal Palace,34,"2,860,000",4,0,54,0.6,0,0,0,0,0,1,0,0,0,1,1,1,0,5,0,0,0
James Milner,ENG,MF,Liverpool,36,"3,120,000",31,7,913,10.1,0,1,2,0,21,70,0,0.1,16,15,12,16,0,64,0,0,0
James Tarkowski,ENG,DF,Everton,29,"5,200,000",38,38,"3,420",38,1,1,6,0,13,106,0.03,0.03,40,23,51,26,0,173,0,0,0
James Tomkins,ENG,DF,Crystal Palace,33,"2,600,000",6,3,338,3.8,1,0,3,1,1,2,0.27,0,3,1,5,2,0,21,0,0,0
James Ward-Prowse,ENG,MF,Southampton,27,"5,200,000",38,38,"3,371",37.5,9,4,6,0,19,189,0.24,0.11,34,19,55,37,1,222,0,0,0
Jamie Vardy,ENG,FW,Leicester City,35,"7,280,000",37,19,"1,857",20.6,3,4,1,0,16,14,0.15,0.19,21,7,2,5,0,41,0,0,0
Jan Bednarek,POL,DF,Southampton,26,"3,120,000",20,20,"1,672",18.6,0,0,5,0,8,45,0,0,1,1,2,3,0,4,0,0,0
Jan Bednarek,POL,DF,Southampton,26,"3,120,000",3,1,100,1.1,0,0,0,0,1,5,0,0,1,1,2,3,0,4,0,0,0
Jan Bednarek,POL,DF,Southampton,26,"3,120,000",20,20,"1,672",18.6,0,0,5,0,8,45,0,0,15,7,49,21,1,98,0,0,0
Jan Bednarek,POL,DF,Southampton,26,"3,120,000",3,1,100,1.1,0,0,0,0,1,5,0,0,15,7,49,21,1,98,0,0,0
Jan Paul van Hecke,NED,DF,Brighton,22,"260,000",8,3,295,3.3,0,0,2,0,3,21,0,0,7,4,6,6,0,15,0,0,0
Japhet Tanganga,ENG,DF,Tottenham,23,"1,300,000",4,2,146,1.6,0,0,0,0,1,5,0,0,3,3,2,2,0,8,0,0,0
Jarrod Bowen,ENG,FW,West Ham,25,"3,120,000",38,36,"3,233",35.9,6,5,2,0,101,72,0.17,0.14,26,69,36,16,0,152,0,0,0
Jason Steele,ENG,GK,Brighton,31,"780,000",15,15,"1,350",15,0,1,1,0,0,0,0,0.07,1,1,0,0,1,22,23,36,61.4
Javier Manquillo,ESP,DF,Newcastle Utd,28,"1,820,000",4,0,37,0.4,0,0,0,0,2,4,0,0,0,0,1,2,0,6,0,0,0
Jean-Philippe Mateta,FRA,FW,Crystal Palace,25,"2,600,000",29,6,770,8.6,2,0,3,0,9,6,0.23,0,16,8,3,1,0,23,0,0,0
Jefferson Lerma,COL,MF,Bournemouth,27,"2,860,000",37,37,"3,252",36.1,5,0,7,0,22,142,0.14,0,37,33,47,30,1,260,0,0,0
Jeffrey Schlupp,GHA,MF,Crystal Palace,29,"2,600,000",34,30,"2,531",28.1,3,1,7,0,32,98,0.11,0.04,51,33,23,46,0,150,0,0,0
Jeremy Sarmiento,ECU,MF,Brighton,20,"520,000",9,1,176,2,0,1,1,0,5,11,0,0.51,4,4,1,3,0,4,0,0,0
Jesse Lingard,ENG,FW,Nott'ham Forest,29,"4,160,000",17,12,923,10.3,0,0,1,0,11,33,0,0,8,9,5,4,0,39,0,0,0
Jhon Durán,COL,FW,Aston Villa,18,"1,560,000",12,0,136,1.5,0,0,1,0,4,4,0,0,9,3,2,2,0,5,0,0,0
Joachim Andersen,DEN,DF,Crystal Palace,26,"4,160,000",32,32,"2,782",30.9,1,0,8,0,16,105,0.03,0,27,16,24,22,2,180,0,0,0
João Cancelo,POR,DF,Manchester City,28,"13,000,000",17,16,"1,274",14.2,2,1,3,1,73,106,0.14,0.07,13,18,19,21,0,80,0,0,0
João Félix,POR,FW,Chelsea,22,"10,140,000",16,11,941,10.5,4,0,1,1,34,47,0.38,0,15,29,1,7,0,23,0,0,0
João Gomes,BRA,MF,Wolves,21,"1,560,000",11,7,653,7.3,1,0,5,0,7,19,0.14,0,17,16,4,13,0,59,0,0,0
João Moutinho,POR,MF,Wolves,35,"5,200,000",31,20,"1,780",19.8,0,2,3,0,23,132,0,0.1,31,15,18,30,0,106,0,0,0
João Palhinha,POR,MF,Fulham,27,"2,600,000",35,35,"3,108",34.5,3,0,14,0,8,101,0.09,0,48,50,46,83,1,212,0,0,0
Joe Aribo,NGA,MF,Southampton,26,"3,640,000",21,13,"1,224",13.6,2,0,2,0,19,39,0.15,0,10,13,10,20,0,76,0,0,0
Joe Gelhardt,ENG,FW,Leeds United,20,"780,000",15,1,212,2.4,0,2,1,0,2,6,0,0.85,6,8,0,2,0,9,0,0,0
Joe Gomez,ENG,DF,Liverpool,25,"4,420,000",21,15,"1,466",16.3,0,0,3,0,15,108,0,0,13,4,24,21,0,126,0,0,0
Joe Rothwell,ENG,MF,Bournemouth,27,"416,000",20,12,"1,016",11.3,0,1,1,0,12,33,0,0.09,17,3,9,13,0,56,0,0,0
Joe Willock,ENG,MF,Newcastle Utd,22,"4,160,000",35,31,"2,558",28.4,3,6,1,0,97,121,0.11,0.21,35,23,25,30,0,136,0,0,0
Joe Worrall,ENG,DF,Nott'ham Forest,25,"780,000",30,21,"2,224",24.7,1,0,6,0,5,67,0.04,0,27,4,26,25,0,123,0,0,0
Joël Matip,CMR,DF,Liverpool,30,"5,200,000",14,12,"1,092",12.1,1,0,3,0,28,59,0.08,0,10,5,21,8,1,78,0,0,0
Joel Robles,ESP,GK,Leeds United,32,"1,040,000",4,4,360,4,0,0,1,0,0,0,0,0,0,0,0,0,0,2,11,16,66.7
Joël Veltman,NED,DF,Brighton,30,"2,080,000",31,25,"2,188",24.3,1,1,6,0,43,153,0.04,0.04,27,38,19,32,0,125,0,0,0
Joel Ward,ENG,DF,Crystal Palace,32,"1,820,000",28,24,"2,256",25.1,1,0,6,0,22,101,0.04,0,29,11,25,36,0,116,0,0,0
Joelinton,BRA,MF,Newcastle Utd,25,"4,420,000",32,30,"2,661",29.6,6,1,12,0,64,130,0.2,0.03,65,34,48,49,0,198,0,0,0
John McGinn,SCO,MF,Aston Villa,27,"2,860,000",34,30,"2,693",29.9,1,3,7,0,34,140,0.03,0.1,41,66,24,36,0,176,0,0,0
John Stones,ENG,DF,Manchester City,28,"13,000,000",23,21,"1,846",20.5,2,2,2,0,28,101,0.1,0.1,10,8,9,13,1,90,0,0,0
Jonjo Shelvey,ENG,MF,Newcastle Utd,30,"3,640,000",3,0,37,0.4,0,0,0,0,0,3,0,0,1,0,0,0,0,4,0,0,0
Jonjo Shelvey,ENG,MF,Newcastle Utd,30,"3,640,000",3,0,37,0.4,0,0,0,0,0,3,0,0,9,1,5,1,0,32,0,0,0
Jonjo Shelvey,ENG,MF,Newcastle Utd,30,"3,640,000",8,6,540,6,0,0,2,0,1,34,0,0,1,0,0,0,0,4,0,0,0
Jonjo Shelvey,ENG,MF,Newcastle Utd,30,"3,640,000",8,6,540,6,0,0,2,0,1,34,0,0,9,1,5,1,0,32,0,0,0
Jonny Castro,ESP,DF,Wolves,28,"1,820,000",18,14,"1,261",14,1,0,3,1,24,70,0.07,0,13,19,14,15,0,91,0,0,0
Jonny Evans,NIR,DF,Leicester City,34,"5,200,000",13,12,"1,051",11.7,0,0,1,0,6,35,0,0,9,7,18,5,0,60,0,0,0
Jordan Ayew,GHA,FW,Crystal Palace,30,"1,820,000",38,31,"2,714",30.2,4,3,5,0,83,63,0.13,0.1,48,90,15,41,0,166,0,0,0
Jordan Henderson,ENG,MF,Liverpool,32,"7,280,000",35,23,"2,074",23,0,2,2,0,37,189,0,0.09,18,9,21,23,0,163,0,0,0
Jordan Pickford,ENG,GK,Everton,28,"5,200,000",37,37,"3,330",37,0,1,6,0,0,2,0,0.03,1,5,4,0,0,36,57,123,71.3
Jordan Zemura,ZIM,DF,Bournemouth,22,"416,000",19,17,"1,454",16.2,0,1,1,0,39,45,0,0.06,17,14,16,24,0,78,0,0,0
Jorginho,ITA,MF,Arsenal,30,"5,720,000",18,15,"1,279",14.2,2,0,4,0,13,80,0.14,0,6,18,9,13,0,69,0,0,0
Jorginho,ITA,MF,Arsenal,30,"5,720,000",18,15,"1,279",14.2,2,0,4,0,13,80,0.14,0,12,23,21,23,0,119,0,0,0
Jorginho,ITA,MF,Arsenal,30,"5,720,000",14,9,855,9.5,0,1,0,0,15,99,0,0.11,6,18,9,13,0,69,0,0,0
Jorginho,ITA,MF,Arsenal,30,"5,720,000",14,9,855,9.5,0,1,0,0,15,99,0,0.11,12,23,21,23,0,119,0,0,0
José Sá,POR,GK,Wolves,29,"1,300,000",36,36,"3,240",36,0,0,2,0,0,0,0,0,1,8,0,0,0,45,55,105,67.1
Josh Dasilva,ENG,MF,Brentford,23,"1,040,000",36,14,"1,389",15.4,4,2,1,0,60,62,0.26,0.13,14,23,5,9,0,66,0,0,0
Josh Onomah,ENG,MF,Fulham,25,"1,560,000",2,0,15,0.2,0,0,0,0,1,0,0,0,0,0,0,0,0,1,0,0,0
Juan Larios,,LB,Southampton,19,"780,000",5,2,152,1.7,0,0,0,0,10,4,0,0,1,0,3,6,0,9,0,0,0
Julián Álvarez,ARG,FW,Manchester City,22,"2,600,000",31,13,"1,465",16.3,9,0,0,0,38,37,0.55,0,21,14,2,16,0,44,0,0,0
Julio César Enciso,PAR,FW,Brighton,18,"520,000",20,7,806,9,4,2,1,0,39,31,0.45,0.22,13,15,4,4,0,36,0,0,0
Junior Firpo,ESP,DF,Leeds United,25,"3,120,000",19,14,"1,368",15.2,1,1,6,1,20,54,0.07,0.07,24,8,24,25,0,87,0,0,0
Junior Stanislas,ENG,MF,Bournemouth,32,"1,820,000",4,0,61,0.7,0,0,0,0,0,4,0,0,0,0,0,0,0,1,0,0,0
Kai Havertz,GER,FW,Chelsea,23,"13,000,000",35,30,"2,569",28.5,7,1,5,0,59,89,0.25,0.04,60,25,7,16,0,81,0,0,0
Kalidou Koulibaly,SEN,DF,Chelsea,31,"15,340,000",23,20,"1,800",20,2,1,7,1,10,81,0.1,0.05,22,9,29,31,0,126,0,0,0
Kalvin Phillips,ENG,MF,Manchester City,26,"7,800,000",12,2,300,3.3,0,0,1,0,1,18,0,0,10,2,5,4,0,19,0,0,0
Kamaldeen Sulemana,GHA,FW,Southampton,20,"2,080,000",18,10,966,10.7,2,1,1,0,32,36,0.19,0.09,9,12,6,9,0,39,0,0,0
Kaoru Mitoma,JPN,FW,Brighton,25,"520,000",33,24,"2,318",25.8,7,5,0,0,143,90,0.27,0.19,29,27,17,27,0,120,0,0,0
Keane Lewis-Potter,ENG,FW,Brentford,21,"1,820,000",10,3,321,3.6,0,1,0,0,8,6,0,0.28,1,4,0,0,0,20,0,0,0
Kelechi Iheanacho,NGA,FW,Leicester City,25,"4,160,000",28,11,"1,127",12.5,5,5,0,0,33,27,0.4,0.4,18,5,0,2,0,30,0,0,0
Kenny Tete,NED,DF,Fulham,26,"2,600,000",31,29,"2,569",28.5,1,5,8,0,75,103,0.04,0.18,42,54,52,46,0,141,0,0,0
Kepa Arrizabalaga,ESP,GK,Chelsea,27,"7,800,000",29,29,"2,565",28.5,0,0,1,0,0,0,0,0,0,8,1,2,0,42,33,90,73.3
Kevin De Bruyne,BEL,MF,Manchester City,31,"20,800,000",32,28,"2,417",26.9,7,16,1,0,100,246,0.26,0.6,20,29,9,12,0,97,0,0,0
Kevin Mbabu,SUI,DF,Fulham,27,"2,080,000",6,1,144,1.6,0,1,1,0,4,8,0,0.62,4,0,3,2,0,6,0,0,0
Kevin Schade,GER,FW,Brentford,20,"520,000",18,7,732,8.1,0,1,2,0,24,15,0,0.12,13,8,4,8,0,33,0,0,0
Keylor Navas,CRC,GK,Nott'ham Forest,35,"4,680,000",17,17,"1,529",17,0,0,2,0,0,1,0,0,0,0,1,0,0,10,32,51,66.3
Kieffer Moore,WAL,FW,Bournemouth,29,"780,000",27,12,"1,279",14.2,4,0,1,0,10,23,0.28,0,26,30,1,11,0,26,0,0,0
Kieran Tierney,SCO,DF,Arsenal,25,"5,720,000",27,6,795,8.8,0,1,0,0,25,36,0,0.11,5,9,11,11,0,43,0,0,0
Kieran Trippier,ENG,DF,Newcastle Utd,31,"5,200,000",38,38,"3,341",37.1,1,7,5,0,45,260,0.03,0.19,48,29,43,49,1,264,0,0,0
Kiernan Dewsbury-Hall,ENG,MF,Leicester City,23,"1,040,000",31,28,"2,306",25.6,2,2,5,1,68,132,0.08,0.08,37,35,28,29,0,149,0,0,0
Kostas Tsimikas,GRE,DF,Liverpool,26,"2,600,000",20,9,771,8.6,0,4,3,0,23,26,0,0.47,13,9,12,9,0,50,0,0,0
Kristoffer Ajer,NOR,DF,Brentford,24,"1,820,000",9,9,763,8.5,0,0,0,0,10,31,0,0,5,8,7,8,0,36,0,0,0
Kurt Zouma,FRA,DF,West Ham,27,"6,500,000",25,24,"1,989",22.1,2,0,0,0,3,31,0.09,0,14,7,30,4,0,84,0,0,0
Kyle Walker,ENG,DF,Manchester City,32,"8,320,000",27,22,"1,958",21.8,0,0,3,0,50,162,0,0,15,10,18,9,0,124,0,0,0
Kyle Walker-Peters,ENG,DF,Southampton,25,"1,040,000",31,30,"2,650",29.4,1,0,4,0,102,97,0.03,0,25,41,27,32,0,156,0,0,0
Layvin Kurzawa,FRA,DF,Fulham,29,"4,680,000",3,2,135,1.5,0,0,1,0,1,2,0,0,1,0,2,2,0,5,0,0,0
Leander Dendoncker,BEL,MF,Aston Villa,27,"4,680,000",20,7,697,7.7,0,0,0,0,1,18,0,0,1,1,10,9,0,36,0,0,0
Leander Dendoncker,BEL,MF,Aston Villa,27,"4,680,000",20,7,697,7.7,0,0,0,0,1,18,0,0,0,0,9,2,0,16,0,0,0
Leander Dendoncker,BEL,MF,Aston Villa,27,"4,680,000",4,2,214,2.4,0,0,0,0,1,6,0,0,1,1,10,9,0,36,0,0,0
Leander Dendoncker,BEL,MF,Aston Villa,27,"4,680,000",4,2,214,2.4,0,0,0,0,1,6,0,0,0,0,9,2,0,16,0,0,0
Leandro Trossard,BEL,FW,Arsenal,27,"4,680,000",20,10,931,10.3,1,10,0,0,36,57,0.1,0.97,9,17,6,7,0,46,0,0,0
Leandro Trossard,BEL,FW,Arsenal,27,"4,680,000",20,10,931,10.3,1,10,0,0,36,57,0.1,0.97,10,13,6,6,0,65,0,0,0
Leandro Trossard,BEL,FW,Arsenal,27,"4,680,000",16,16,"1,315",14.6,7,2,1,0,40,67,0.48,0.14,9,17,6,7,0,46,0,0,0
Leandro Trossard,BEL,FW,Arsenal,27,"4,680,000",16,16,"1,315",14.6,7,2,1,0,40,67,0.48,0.14,10,13,6,6,0,65,0,0,0
Leon Bailey,JAM,FW,Aston Villa,24,"5,200,000",33,26,"1,967",21.9,4,4,4,0,85,28,0.18,0.18,29,22,6,6,0,72,0,0,0
Levi Colwill,ENG,DF,Brighton,19,"260,000",17,13,"1,220",13.6,0,2,1,0,16,70,0,0.15,8,10,15,7,0,74,0,0,0
Lewis Cook,ENG,MF,Bournemouth,25,"2,080,000",28,18,"1,720",19.1,0,2,4,0,9,63,0,0.1,15,10,23,22,0,129,0,0,0
Lewis Dunk,ENG,DF,Brighton,30,"3,900,000",36,36,"3,239",36,1,0,4,0,19,158,0.03,0,18,27,34,19,1,253,0,0,0
Lewis Hall,,LB,Chelsea,18,"364,000",9,8,654,7.3,0,0,1,0,19,25,0,0,3,11,11,12,0,48,0,0,0
Lewis O'Brien,ENG,MF,Nott'ham Forest,23,"780,000",13,6,584,6.5,1,0,2,0,13,21,0.15,0,5,15,5,9,0,51,0,0,0
Liam Cooper,SCO,DF,Leeds United,30,"1,300,000",18,16,"1,426",15.8,1,0,5,0,3,47,0.06,0,12,10,34,23,0,107,0,0,0
Lisandro Martínez,ARG,DF,Manchester Utd,24,"6,240,000",27,24,"2,114",23.5,1,0,6,0,12,83,0.04,0,21,10,33,28,0,164,0,0,0
Lloyd Kelly,ENG,DF,Bournemouth,23,"1,560,000",23,23,"2,040",22.7,0,2,3,0,14,47,0,0.09,17,5,26,18,0,131,0,0,0
Lucas Digne,FRA,DF,Aston Villa,29,"8,320,000",28,18,"1,502",16.7,1,0,5,0,29,57,0.06,0,19,23,18,12,1,86,0,0,0
Lucas Moura,BRA,MF,Tottenham,29,"4,680,000",15,0,153,1.7,1,0,0,1,4,13,0.59,0,3,3,2,5,0,9,0,0,0
Lucas Paquetá,BRA,MF,West Ham,24,"7,800,000",28,27,"2,151",23.9,4,3,5,0,25,147,0.17,0.13,50,30,16,53,0,144,0,0,0
Ludwig Augustinsson,SWE,DF,Aston Villa,28,"1,040,000",3,1,77,0.9,0,0,1,0,0,0,0,0,1,3,0,1,0,9,0,0,0
Luis Díaz,COL,FW,Liverpool,25,"2,860,000",17,11,996,11.1,4,2,2,0,39,49,0.36,0.18,20,24,6,11,0,50,0,0,0
Luis Sinisterra,COL,FW,Leeds United,23,"3,380,000",19,13,867,9.6,5,0,3,1,30,39,0.52,0,14,12,8,14,0,65,0,0,0
Luka Milivojevi?,SRB,MF,Crystal Palace,31,"3,900,000",18,5,512,5.7,0,0,2,0,2,20,0,0,15,3,12,7,0,34,0,0,0
?ukasz Fabia?ski,POL,GK,West Ham,37,"3,380,000",36,36,"3,111",34.6,0,0,1,0,0,0,0,0,0,4,0,0,0,17,48,106,70.1
Luke Ayling,ENG,DF,Leeds United,30,"1,040,000",29,22,"2,054",22.8,2,1,3,0,28,77,0.09,0.04,15,35,26,37,0,152,0,0,0
Luke Shaw,ENG,DF,Manchester Utd,27,"7,800,000",31,30,"2,552",28.4,1,2,8,0,53,140,0.04,0.07,46,27,36,36,0,189,0,0,0
Luke Thomas,ENG,DF,Leicester City,21,"520,000",17,11,"1,073",11.9,0,0,3,0,10,48,0,0,12,7,27,19,1,69,0,0,0
Lyanco,BRA,DF,Southampton,25,"1,820,000",21,11,"1,180",13.1,1,1,4,0,13,35,0.08,0.08,16,10,20,16,0,83,0,0,0
Mads Roerslev,DEN,DF,Brentford,23,"520,000",20,12,"1,108",12.3,0,0,0,0,8,19,0,0,4,3,9,12,0,48,0,0,0
Malcolm Ebiowei,ENG,MF,Crystal Palace,18,"520,000",3,0,34,0.4,0,0,0,0,2,2,0,0,0,1,0,1,0,0,0,0,0
Manor Solomon,ISR,FW,Fulham,23,"1,040,000",19,4,572,6.4,4,0,0,0,16,24,0.63,0,5,4,5,12,0,46,0,0,0
Manuel Akanji,SUI,DF,Manchester City,27,"9,360,000",29,24,"2,287",25.4,0,1,2,0,24,116,0,0.04,24,12,16,25,0,136,0,0,0
Manuel Lanzini,ARG,MF,West Ham,29,"3,640,000",10,2,252,2.8,1,0,0,0,2,19,0.36,0,1,2,2,2,0,21,0,0,0
Marc Albrighton,ENG,FW,Leicester City,32,"2,340,000",6,1,237,2.6,1,0,0,0,4,7,0.38,0,2,2,1,1,0,13,0,0,0
Marc Cucurella,ESP,DF,Chelsea,24,"9,100,000",24,21,"1,671",18.6,0,2,4,0,30,73,0,0.11,16,21,16,33,0,120,0,0,0
Marc Guéhi,ENG,DF,Crystal Palace,22,"2,600,000",37,37,"3,329",37,1,0,8,0,17,106,0.03,0,24,40,45,27,1,241,0,0,0
Marc Roca,ESP,MF,Leeds United,25,"2,600,000",32,29,"2,315",25.7,1,2,7,0,25,172,0.04,0.08,40,29,23,40,0,169,0,0,0
Marcel Sabitzer,AUT,MF,Manchester Utd,28,"10,920,000",11,7,627,7,0,1,1,0,8,38,0,0.14,8,10,8,8,0,52,0,0,0
Marcos Senesi,ARG,DF,Bournemouth,25,"2,600,000",31,29,"2,491",27.7,2,0,7,0,9,66,0.07,0,29,13,43,35,0,168,0,0,0
Marcus Rashford,ENG,FW,Manchester Utd,24,"10,400,000",35,32,"2,879",32,17,5,2,0,85,88,0.53,0.16,15,23,7,10,0,100,0,0,0
Marcus Tavernier,ENG,MF,Bournemouth,23,"1,040,000",23,19,"1,743",19.4,5,4,1,0,67,56,0.26,0.21,21,28,9,22,0,124,0,0,0
Marek Rodák,SVK,GK,Fulham,25,"780,000",2,2,180,2,0,0,0,0,0,0,0,0,0,0,0,0,0,3,2,2,50
Mario Lemina,GAB,MF,Wolves,28,"2,340,000",19,17,"1,299",14.4,0,1,4,1,6,42,0,0.07,18,9,14,24,0,91,0,0,0
Mark Travers,IRL,GK,Bournemouth,23,"1,040,000",12,11,"1,035",11.5,0,0,0,0,0,0,0,0,0,0,0,0,0,6,32,36,54.5
Marquinhos,BRA,MF,Arsenal,19,"1,560,000",1,0,1,0,0,0,0,0,0,0,0,0,0,0,0,0,0,0,0,0,0
Martin Dúbravka,SVK,GK,Manchester Utd,33,"2,080,000",2,1,157,1.7,0,0,0,0,0,0,0,0,0,0,0,0,0,0,1,9,88.9
Martin Ødegaard,NOR,MF,Arsenal,23,"5,980,000",37,37,"3,127",34.7,15,7,4,0,83,266,0.43,0.2,30,26,6,23,0,178,0,0,0
Mason Holgate,ENG,DF,Everton,25,"3,640,000",8,5,507,5.6,0,0,3,1,4,14,0,0,9,4,7,7,0,23,0,0,0
Mason Mount,ENG,MF,Chelsea,23,"4,160,000",24,20,"1,648",18.3,3,2,4,0,48,98,0.16,0.11,28,27,8,19,0,85,0,0,0
Mateo Kova?i?,CRO,MF,Chelsea,28,"5,200,000",27,17,"1,707",19,1,2,8,0,37,153,0.05,0.11,18,12,19,24,0,121,0,0,0
Mateusz Klich,POL,MF,Leeds United,32,"1,300,000",14,0,280,3.1,0,0,2,0,5,16,0,0,10,3,0,8,0,24,0,0,0
Matheus Cunha,BRA,FW,Wolves,23,"3,120,000",17,12,965,10.7,2,0,1,0,16,14,0.19,0,20,21,9,4,0,50,0,0,0
Matheus Nunes,POR,MF,Wolves,23,"4,420,000",34,30,"2,467",27.4,1,1,2,1,59,84,0.04,0.04,37,49,16,43,0,154,0,0,0
Mathias Jensen,DEN,MF,Brentford,26,"1,040,000",37,37,"2,803",31.1,5,6,5,0,21,141,0.16,0.19,32,25,32,35,0,175,0,0,0
Mathias Jørgensen,DEN,DF,Brentford,32,"1,040,000",18,11,"1,103",12.3,0,0,2,0,1,35,0,0,9,4,16,8,1,53,0,0,0
Matías Viña,URU,DF,Bournemouth,24,"1,976,000",12,5,458,5.1,2,0,1,0,10,17,0.39,0,7,11,4,11,0,28,0,0,0
Matt Doherty,IRL,DF,Tottenham,30,"3,380,000",12,7,667,7.4,1,0,0,0,16,20,0.13,0,11,4,8,10,0,31,0,0,0
Matt Ritchie,SCO,FW,Newcastle Utd,32,"2,340,000",7,0,39,0.4,0,0,0,0,1,1,0,0,0,0,1,1,0,3,0,0,0
Matt Targett,ENG,DF,Newcastle Utd,26,"5,200,000",17,6,610,6.8,0,0,1,0,3,43,0,0,10,3,9,10,0,46,0,0,0
Matty Cash,POL,DF,Aston Villa,24,"4,160,000",26,20,"1,820",20.2,0,1,4,0,42,75,0,0.05,21,15,26,32,0,108,0,0,0
Max Kilman,ENG,DF,Wolves,25,"780,000",37,37,"3,307",36.7,0,0,3,0,30,127,0,0,18,12,19,20,0,219,0,0,0
Maximilian Wöber,AUT,DF,Leeds United,24,"1,820,000",16,14,"1,266",14.1,0,0,3,0,15,54,0,0,15,1,27,18,0,75,0,0,0
Máximo Perrone,,DM,Manchester City,20,"1,560,000",1,0,19,0.2,0,0,0,0,0,2,0,0,0,0,0,0,0,3,0,0,0
Maxwel Cornet,CIV,FW,West Ham,25,"3,380,000",14,2,245,2.7,0,0,0,0,9,5,0,0,2,2,2,3,0,15,0,0,0
Michael Keane,ENG,DF,Everton,29,"4,160,000",12,10,985,10.9,1,2,0,0,2,31,0.09,0.18,7,4,14,4,0,62,0,0,0
Michael Olise,FRA,FW,Crystal Palace,20,"2,340,000",37,31,"2,749",30.5,2,11,2,0,111,133,0.07,0.36,28,69,26,34,0,165,0,0,0
Michail Antonio,JAM,FW,West Ham,32,"4,420,000",33,21,"1,829",20.3,5,3,2,0,49,27,0.25,0.15,28,44,5,7,0,43,0,0,0
Miguel Almirón,PAR,FW,Newcastle Utd,28,"2,184,000",34,29,"2,491",27.7,11,2,2,0,77,124,0.4,0.07,22,33,10,30,0,139,0,0,0
Mikkel Damsgaard,DEN,MF,Brentford,22,"1,560,000",26,9,988,11,0,0,4,0,9,44,0,0,13,11,10,21,0,70,0,0,0
Mislav Orši?,CRO,MF,Southampton,29,"4,160,000",1,0,7,0.1,0,0,0,0,0,0,0,0,0,0,0,1,0,1,0,0,0
Mohamed Elneny,EGY,MF,Arsenal,30,"2,860,000",5,1,113,1.3,0,0,0,0,1,2,0,0,1,1,0,1,0,10,0,0,0
Mohamed Elyounoussi,NOR,MF,Southampton,27,"3,120,000",33,27,"2,168",24.1,1,1,4,0,56,50,0.04,0.04,41,18,27,28,0,132,0,0,0
Mohamed Salah,EGY,FW,Liverpool,30,"18,200,000",38,37,"3,290",36.6,19,12,2,0,120,149,0.52,0.33,20,33,6,12,0,100,0,0,0
Mohammed Salisu,GHA,DF,Southampton,23,"1,300,000",22,21,"1,973",21.9,0,1,5,0,5,82,0,0.05,26,3,31,29,1,158,0,0,0
Moisés Caicedo,ECU,MF,Brighton,20,"780,000",37,34,"3,139",34.9,1,1,10,0,38,219,0.03,0.03,65,54,56,50,0,248,0,0,0
Morgan Gibbs-White,ENG,MF,Nott'ham Forest,22,"4,160,000",2,2,180,2,0,0,1,0,4,12,0,0,3,3,1,1,0,14,0,0,0
Morgan Gibbs-White,ENG,MF,Nott'ham Forest,22,"4,160,000",2,2,180,2,0,0,1,0,4,12,0,0,32,28,14,14,0,147,0,0,0
Morgan Gibbs-White,ENG,MF,Nott'ham Forest,22,"4,160,000",35,34,"2,971",33,5,8,5,0,69,131,0.15,0.24,3,3,1,1,0,14,0,0,0
Morgan Gibbs-White,ENG,MF,Nott'ham Forest,22,"4,160,000",35,34,"2,971",33,5,8,5,0,69,131,0.15,0.24,32,28,14,14,0,147,0,0,0
Morgan Sanson,FRA,MF,Aston Villa,27,"2,340,000",2,0,11,0.1,0,0,0,0,0,1,0,0,0,2,0,1,0,1,0,0,0
Moussa Djenepo,MLI,DF,Southampton,24,"3,380,000",16,7,710,7.9,0,2,1,0,27,19,0,0.25,11,19,11,11,0,56,0,0,0
Moussa Niakhate,SEN,DF,Nott'ham Forest,26,"2,340,000",14,14,"1,163",12.9,0,0,1,0,2,15,0,0,12,6,19,9,0,71,0,0,0
Mykhailo Mudryk,UKR,FW,Chelsea,21,"5,200,000",15,7,657,7.3,0,2,1,0,25,20,0,0.27,8,12,0,9,0,35,0,0,0
N'Golo Kanté,FRA,MF,Chelsea,31,"15,080,000",7,6,518,5.8,0,1,1,0,19,34,0,0.17,5,2,6,10,0,55,0,0,0
Naby Keïta,GUI,MF,Liverpool,27,"6,240,000",8,3,293,3.3,0,0,1,0,5,15,0,0,12,2,2,4,0,29,0,0,0
Nampalys Mendy,SEN,MF,Leicester City,30,"2,860,000",19,7,757,8.4,1,0,1,0,2,28,0.12,0,9,10,13,9,0,46,0,0,0
Naouirou Ahamada,FRA,MF,Crystal Palace,20,"1,040,000",8,0,94,1,0,0,1,0,1,2,0,0,2,0,0,2,0,8,0,0,0
Nathan Aké,NED,DF,Manchester City,27,"4,680,000",26,22,"1,873",20.8,1,0,2,0,25,140,0.05,0,12,14,20,12,0,96,0,0,0
Nathan Collins,IRL,DF,Wolves,21,"1,040,000",26,19,"1,814",20.2,0,0,2,1,11,64,0,0,17,9,21,15,0,96,0,0,0
Nathan Patterson,SCO,DF,Everton,20,"1,456,000",19,14,"1,279",14.2,0,0,3,0,16,24,0,0,14,13,15,24,0,80,0,0,0
Nathaniel Chalobah,ENG,MF,Fulham,27,"1,820,000",4,1,12,0.1,0,0,0,1,0,0,0,0,2,0,0,1,0,0,0,0,0
Nathaniel Clyne,ENG,DF,Crystal Palace,31,"4,160,000",22,19,"1,640",18.2,0,0,3,0,14,52,0,0,10,8,19,16,0,81,0,0,0
Nathaniel Phillips,ENG,DF,Liverpool,25,"3,380,000",2,1,66,0.7,0,0,0,0,0,9,0,0,1,0,2,1,0,14,0,0,0
Nayef Aguerd,MAR,DF,West Ham,26,"2,600,000",18,17,"1,595",17.7,2,0,4,0,2,25,0.11,0,8,8,18,18,0,105,0,0,0
Neal Maupay,FRA,FW,Everton,25,"2,600,000",27,11,"1,118",12.4,1,0,4,0,8,11,0.08,0,14,21,5,5,0,26,0,0,0
Neco Williams,WAL,DF,Nott'ham Forest,21,"2,600,000",31,20,"1,882",20.9,1,0,7,0,51,33,0.05,0,33,27,33,47,0,127,0,0,0
Neeskens Kebano,COD,FW,Fulham,30,"1,560,000",17,9,764,8.5,0,3,0,0,39,24,0,0.35,8,16,1,9,0,47,0,0,0
Nélson Semedo,POR,DF,Wolves,28,"4,160,000",36,31,"2,632",29.2,0,1,11,1,50,110,0,0.03,47,24,29,42,0,167,0,0,0
Neto,BRA,GK,Bournemouth,33,"2,600,000",27,27,"2,385",26.5,0,0,4,0,0,0,0,0,0,4,0,1,0,21,39,100,74.6
Nick Pope,ENG,GK,Newcastle Utd,30,"3,120,000",37,37,"3,261",36.2,0,0,3,1,0,1,0,0,1,2,0,0,0,30,32,85,74.6
Noni Madueke,,RW,Chelsea,20,"2,600,000",12,7,643,7.1,1,0,0,0,48,36,0.14,0,4,15,4,8,0,30,0,0,0
Odsonne Édouard,FRA,FW,Crystal Palace,24,"4,680,000",35,20,"1,803",20,5,2,3,0,29,32,0.25,0.1,28,17,3,13,0,55,0,0,0
Oleksandr Zinchenko,UKR,DF,Arsenal,25,"7,800,000",27,26,"2,118",23.5,1,2,3,0,67,227,0.04,0.08,6,11,22,18,0,163,0,0,0
Oliver Skipp,ENG,MF,Tottenham,21,"2,080,000",23,18,"1,491",16.6,1,0,7,0,14,56,0.06,0,23,17,17,17,0,107,0,0,0
Ollie Watkins,ENG,FW,Aston Villa,26,"3,900,000",37,36,"3,127",34.7,15,6,4,0,50,39,0.43,0.17,26,39,10,13,0,59,0,0,0
Orel Mangala,BEL,MF,Nott'ham Forest,24,"1,560,000",27,20,"1,550",17.2,1,1,3,0,14,43,0.06,0.06,22,23,23,20,0,88,0,0,0
Pablo Fornals,ESP,FW,West Ham,26,"3,380,000",32,17,"1,503",16.7,3,1,0,0,33,89,0.18,0.06,14,7,14,15,0,130,0,0,0
Pablo Sarabia,ESP,FW,Wolves,30,"4,680,000",13,9,765,8.5,1,0,3,0,17,41,0.12,0,13,8,2,6,0,42,0,0,0
Pape Matar Sarr,SEN,MF,Tottenham,19,"1,040,000",11,2,218,2.4,0,1,1,0,1,13,0,0.41,4,3,6,6,0,22,0,0,0
Pascal Groß,GER,MF,Brighton,31,"3,120,000",37,37,"3,239",36,9,8,6,0,62,255,0.25,0.22,35,18,13,38,1,140,0,0,0
Pascal Struijk,NED,DF,Leeds United,22,"2,600,000",29,26,"2,200",24.4,2,1,5,0,24,119,0.08,0.04,29,12,32,57,0,139,0,0,0
Patrick Bamford,ENG,FW,Leeds United,28,"3,640,000",28,18,"1,515",16.8,4,2,3,0,17,23,0.24,0.12,25,27,5,6,0,50,0,0,0
Patson Daka,ZAM,FW,Leicester City,23,"3,900,000",30,13,"1,187",13.2,4,4,2,0,18,17,0.3,0.3,23,15,7,8,0,36,0,0,0
Paul Onuachu,NGA,FW,Southampton,28,"1,560,000",11,4,407,4.5,0,0,0,0,1,7,0,0,14,6,0,2,0,14,0,0,0
Pedro Neto,POR,FW,Wolves,22,"2,600,000",18,13,964,10.7,0,0,1,0,37,24,0,0,8,15,4,6,0,51,0,0,0
Pedro Porro,ESP,DF,Tottenham,22,"4,420,000",15,13,"1,131",12.6,3,3,0,0,34,39,0.24,0.24,12,16,15,16,0,85,0,0,0
Pervis Estupiñán,ECU,DF,Brighton,24,"2,600,000",35,31,"2,675",29.7,1,5,4,0,91,157,0.03,0.17,42,26,37,31,0,191,0,0,0
Phil Foden,ENG,FW,Manchester City,22,"11,700,000",32,22,"1,842",20.5,11,6,1,0,68,88,0.54,0.29,10,29,5,10,0,91,0,0,0
Philip Billing,DEN,MF,Bournemouth,26,"2,080,000",36,34,"2,764",30.7,7,1,5,0,37,80,0.23,0.03,30,35,31,36,0,146,0,0,0
Philippe Coutinho,BRA,MF,Aston Villa,30,"6,500,000",20,7,788,8.8,1,0,3,0,18,48,0.11,0,16,14,4,14,0,41,0,0,0
Pierre Højbjerg,DEN,MF,Tottenham,26,"5,200,000",35,35,"3,131",34.8,4,5,5,0,46,235,0.11,0.14,38,36,49,30,0,245,0,0,0
Pierre-Emerick Aubameyang,GAB,FW,Chelsea,33,"8,320,000",15,5,554,6.2,1,0,1,0,9,3,0.16,0,5,1,2,0,0,11,0,0,0
Pontus Jansson,SWE,DF,Brentford,31,"1,300,000",12,9,724,8,1,0,0,0,1,14,0.12,0,2,1,9,3,0,25,0,0,0
Raheem Sterling,ENG,FW,Chelsea,27,"16,900,000",28,23,"1,891",21,6,3,4,0,81,59,0.29,0.14,21,32,2,10,0,66,0,0,0
Raphaël Varane,FRA,DF,Manchester Utd,29,"17,680,000",24,22,"1,911",21.2,0,0,1,0,17,63,0,0,12,3,11,9,1,100,0,0,0
Rasmus Nissen,DEN,DF,Leeds United,25,"2,080,000",26,21,"1,960",21.8,3,1,4,0,15,89,0.14,0.05,19,6,35,35,0,119,0,0,0
Raúl Jiménez,MEX,FW,Wolves,31,"5,200,000",15,8,846,9.4,0,1,0,0,5,14,0,0.11,14,14,0,6,0,21,0,0,0
Rayan Aït Nouri,ALG,DF,Wolves,21,"520,000",21,9,"1,076",12,1,0,4,0,30,43,0.08,0,15,11,9,20,1,61,0,0,0
Reece James,ENG,DF,Chelsea,22,"13,000,000",16,14,"1,244",13.8,1,1,4,0,52,90,0.07,0.07,9,18,12,20,0,89,0,0,0
Reiss Nelson,ENG,FW,Arsenal,22,"3,120,000",11,0,212,2.4,3,2,0,0,19,6,1.27,0.85,8,4,0,1,0,16,0,0,0
Remo Freuler,SUI,MF,Nott'ham Forest,30,"2,080,000",28,24,"2,161",24,0,0,4,0,7,54,0,0,24,12,29,23,0,137,0,0,0
Renan Lodi,BRA,DF,Nott'ham Forest,24,"3,120,000",28,26,"2,214",24.6,0,1,7,0,24,31,0,0.04,29,42,33,39,0,153,0,0,0
Ricardo Pereira,POR,DF,Leicester City,28,"4,160,000",10,5,454,5,1,1,2,0,5,27,0.2,0.2,4,4,4,7,0,30,0,0,0
Richarlison,BRA,MF,Tottenham,25,"4,680,000",27,12,"1,010",11.2,1,3,3,0,33,28,0.09,0.27,14,22,5,16,0,52,0,0,0
Rico Henry,ENG,DF,Brentford,25,"1,820,000",37,37,"3,238",36,0,2,4,0,55,107,0,0.06,32,38,30,31,0,197,0,0,0
Rico Lewis,,RB,Manchester City,18,"260,000",14,10,903,10,0,0,1,0,22,48,0,0,10,18,6,9,0,43,0,0,0
Riyad Mahrez,ALG,FW,Manchester City,31,"8,320,000",30,22,"1,920",21.3,5,10,2,0,78,76,0.23,0.47,16,42,9,14,0,82,0,0,0
Rob Holding,ENG,DF,Arsenal,26,"2,080,000",14,6,566,6.3,1,0,0,0,3,24,0.16,0,5,2,3,5,0,40,0,0,0
Robert Sánchez,ESP,GK,Brighton,24,"1,300,000",23,23,"2,070",23,0,0,2,0,0,0,0,0,1,0,3,0,0,25,30,46,66.2
Roberto Firmino,BRA,FW,Liverpool,30,"9,360,000",25,13,"1,213",13.5,11,4,0,0,16,78,0.82,0.3,9,6,7,12,0,64,0,0,0
Robin Koch,GER,DF,Leeds United,26,"2,080,000",36,36,"3,175",35.3,0,0,7,0,11,114,0,0,35,17,43,30,1,193,0,0,0
Robin Olsen,SWE,GK,Aston Villa,32,"2,600,000",4,2,281,3.1,0,0,0,0,0,0,0,0,0,0,0,0,0,3,8,11,63.2
Rodri,ESP,MF,Manchester City,26,"11,440,000",36,34,"2,911",32.3,2,6,5,0,76,260,0.06,0.19,47,20,33,41,0,301,0,0,0
Rodrigo,ESP,FW,Leeds United,31,"5,200,000",31,23,"1,935",21.5,13,1,6,0,40,44,0.6,0.05,29,11,6,10,0,66,0,0,0
Rodrigo Bentancur,URU,MF,Tottenham,25,"3,900,000",18,17,"1,500",16.7,5,2,8,0,26,76,0.3,0.12,24,8,20,28,0,128,0,0,0
Romain Perraud,FRA,DF,Southampton,24,"1,560,000",29,22,"1,835",20.4,2,2,4,0,33,62,0.1,0.1,31,15,20,33,1,97,0,0,0
Roméo Lavia,,DM,Southampton,19,"1,300,000",29,26,"2,221",24.7,1,0,9,0,22,102,0.04,0,28,48,33,35,0,187,0,0,0
Rúben Dias,POR,DF,Manchester City,25,"9,360,000",26,22,"1,998",22.2,0,0,3,0,14,98,0,0,19,7,18,13,0,99,0,0,0
Ruben Loftus-Cheek,ENG,MF,Chelsea,26,"6,240,000",25,19,"1,536",17.1,0,1,1,0,56,90,0,0.06,10,34,12,14,1,101,0,0,0
Rúben Neves,POR,MF,Wolves,25,"2,600,000",35,33,"3,019",33.5,6,1,12,0,28,218,0.18,0.03,38,18,50,43,0,237,0,0,0
Rúben Vinagre,POR,DF,Everton,23,"1,300,000",2,0,26,0.3,0,0,0,0,2,0,0,0,0,3,0,2,0,4,0,0,0
Ryan Christie,SCO,MF,Bournemouth,27,"1,560,000",32,22,"1,834",20.4,1,1,2,0,39,71,0.05,0.05,36,45,26,22,0,132,0,0,0
Ryan Fraser,SCO,FW,Newcastle Utd,28,"2,184,000",8,3,313,3.5,0,0,1,0,8,9,0,0,3,10,0,2,0,14,0,0,0
Ryan Fredericks,ENG,DF,Bournemouth,29,"1,820,000",12,5,533,5.9,0,0,1,0,13,15,0,0,3,1,1,2,0,13,0,0,0
Ryan Sessegnon,ENG,DF,Tottenham,22,"2,860,000",17,9,813,9,2,0,4,0,24,22,0.22,0,15,6,6,11,0,49,0,0,0
Ryan Yates,ENG,MF,Nott'ham Forest,24,"1,300,000",26,21,"1,837",20.4,0,2,5,0,11,43,0,0.1,50,53,10,19,0,111,0,0,0
Saïd Benrahma,ALG,FW,West Ham,26,"2,860,000",35,22,"2,069",23,6,3,0,0,109,82,0.26,0.13,16,15,9,15,0,113,0,0,0
Salomón Rondón,VEN,FW,Everton,32,"4,160,000",7,1,109,1.2,0,0,0,0,0,1,0,0,4,0,0,0,0,1,0,0,0
Sam Greenwood,ENG,MF,Leeds United,20,"1,560,000",18,3,424,4.7,1,2,1,0,7,15,0.21,0.42,11,3,1,7,0,31,0,0,0
Sam Johnstone,ENG,GK,Crystal Palace,29,"2,080,000",9,9,810,9,0,0,1,0,0,0,0,0,1,0,0,0,0,12,10,25,76.5
Sam Surridge,ENG,FW,Nott'ham Forest,24,"780,000",20,1,323,3.6,1,0,2,0,2,6,0.28,0,12,10,0,0,0,17,0,0,0
Saman Ghoddos,IRN,MF,Brentford,28,"780,000",15,0,139,1.5,0,0,0,0,1,8,0,0,3,3,4,1,0,24,0,0,0
Samuel Edozie,,LW,Southampton,20,"780,000",17,5,567,6.3,0,0,0,0,26,13,0,0,1,22,6,10,0,30,0,0,0
Sasa Kalajdzic,AUT,FW,Wolves,25,"1,820,000",1,1,45,0.5,0,0,0,0,0,0,0,0,0,1,1,0,0,2,0,0,0
Saša Luki?,SRB,MF,Fulham,25,"3,276,000",12,4,412,4.6,0,0,1,0,8,13,0,0,13,10,5,3,0,28,0,0,0
Scott McKenna,SCO,DF,Nott'ham Forest,25,"1,040,000",20,19,"1,571",17.5,0,0,4,0,5,35,0,0,8,4,12,7,0,68,0,0,0
Scott McTominay,SCO,MF,Manchester Utd,25,"3,120,000",24,10,"1,160",12.9,1,0,8,0,20,33,0.08,0,28,16,14,19,0,78,0,0,0
Séamus Coleman,IRL,DF,Everton,33,"2,860,000",23,20,"1,656",18.4,1,0,1,0,13,61,0.05,0,10,21,22,26,0,100,0,0,0
Sean Longstaff,ENG,MF,Newcastle Utd,24,"2,600,000",33,28,"2,518",28,1,4,2,0,21,116,0.04,0.14,29,39,16,21,0,141,0,0,0
Sekou Mara,FRA,FW,Southampton,20,"1,300,000",22,4,555,6.2,1,2,1,0,7,7,0.16,0.32,20,6,1,10,0,25,0,0,0
Serge Aurier,CIV,DF,Nott'ham Forest,29,"1,820,000",24,22,"1,943",21.6,1,0,2,0,37,71,0.05,0,18,19,29,41,0,126,0,0,0
Sergi Canós,ESP,FW,Brentford,25,"1,300,000",5,0,77,0.9,0,0,0,0,4,2,0,0,3,3,0,0,0,6,0,0,0
Sergio Gómez,ESP,DF,Manchester City,21,"2,600,000",12,2,349,3.9,0,1,0,0,10,18,0,0.26,1,2,2,4,0,19,0,0,0
Shandon Baptiste,GRN,MF,Brentford,24,"780,000",23,4,618,6.9,0,1,3,1,8,39,0,0.15,11,12,7,9,0,45,0,0,0
Shane Duffy,IRL,DF,Fulham,30,"2,080,000",5,0,20,0.2,0,0,0,0,0,0,0,0,0,1,0,0,0,2,0,0,0
Siriki Dembélé,CIV,FW,Bournemouth,25,"416,000",6,0,110,1.2,0,0,0,0,5,4,0,0,1,2,1,1,0,9,0,0,0
Solly March,ENG,FW,Brighton,28,"2,080,000",33,31,"2,715",30.2,7,7,2,0,110,135,0.23,0.23,46,39,24,31,0,125,0,0,0
Son Heung-min,KOR,MF,Tottenham,30,"9,880,000",36,33,"2,888",32.1,10,6,2,0,82,79,0.31,0.19,13,36,13,12,0,109,0,0,0
Stefan Bajcetic,,DM,Liverpool,18,"2,080,000",11,6,526,5.8,1,0,2,0,10,24,0.17,0,7,9,9,6,0,40,0,0,0
Stefan Ortega,GER,GK,Manchester City,29,"2,860,000",3,3,270,3,0,0,0,0,0,0,0,0,0,0,0,0,0,7,1,14,93.3
Steve Cook,ENG,DF,Nott'ham Forest,31,"1,560,000",12,11,957,10.6,0,0,4,0,1,19,0,0,5,2,12,4,0,35,0,0,0
Stuart Armstrong,SCO,MF,Southampton,30,"3,380,000",32,14,"1,408",15.6,2,1,6,0,61,75,0.13,0.06,17,20,10,21,0,83,0,0,0
Sven Botman,NED,DF,Newcastle Utd,22,"4,680,000",36,35,"3,127",34.7,0,0,2,0,8,87,0,0,15,12,34,24,0,182,0,0,0
Taiwo Awoniyi,NGA,FW,Nott'ham Forest,24,"2,600,000",27,17,"1,404",15.6,10,1,2,0,18,12,0.64,0.06,24,19,4,10,0,56,0,0,0
Takehiro Tomiyasu,JPN,DF,Arsenal,23,"2,860,000",21,6,663,7.4,0,1,2,0,14,51,0,0.14,6,3,14,18,0,42,0,0,0
Tariq Lamptey,GHA,DF,Brighton,21,"1,820,000",20,3,453,5,0,0,1,0,28,26,0,0,6,14,7,6,0,31,0,0,0
Tetê,BRA,FW,Leicester City,22,"2,600,000",13,9,734,8.2,1,0,0,0,22,26,0.12,0,3,17,2,8,0,52,0,0,0
Theo Walcott,ENG,FW,Southampton,33,"3,900,000",20,13,"1,129",12.5,2,2,1,0,21,14,0.16,0.16,7,10,9,6,1,53,0,0,0
Thiago Alcántara,ESP,MF,Liverpool,31,"10,400,000",18,14,"1,254",13.9,0,0,2,0,13,120,0,0,18,25,21,24,0,111,0,0,0
Thiago Silva,BRA,DF,Chelsea,37,"5,720,000",27,26,"2,352",26.1,0,2,2,0,8,104,0,0.08,10,13,34,27,0,148,0,0,0
Thilo Kehrer,GER,DF,West Ham,25,"4,160,000",27,25,"2,230",24.8,0,2,4,0,15,60,0,0.08,31,12,34,24,1,117,0,0,0
Thomas Partey,GHA,MF,Arsenal,29,"10,400,000",33,28,"2,483",27.6,3,0,5,0,34,231,0.11,0,37,23,28,40,0,225,0,0,0
Tim Ream,USA,DF,Fulham,34,"1,560,000",33,33,"2,897",32.2,1,0,2,0,28,142,0.03,0,18,7,41,16,0,199,0,0,0
Timothy Castagne,BEL,DF,Leicester City,26,"3,380,000",37,36,"3,254",36.2,2,3,3,0,39,106,0.06,0.08,25,15,43,44,0,202,0,0,0
Tom Cairney,SCO,MF,Fulham,31,"1,560,000",33,6,988,11,2,0,2,0,34,92,0.18,0,8,22,5,6,0,76,0,0,0
Tom Davies,ENG,MF,Everton,24,"1,300,000",19,4,538,6,0,0,3,0,2,30,0,0,10,6,4,9,0,28,0,0,0
Tomáš Sou?ek,CZE,MF,West Ham,27,"3,380,000",36,32,"2,815",31.3,2,3,3,0,11,88,0.06,0.1,50,16,53,37,0,143,0,0,0
Tosin Adarabioyo,ENG,DF,Fulham,24,"2,080,000",25,23,"2,085",23.2,1,0,4,0,16,95,0.04,0,17,5,26,13,0,110,0,0,0
Toti Gomes,POR,DF,Wolves,23,"260,000",17,10,984,10.9,1,0,6,0,4,27,0.09,0,16,5,11,9,0,61,0,0,0
Trent Alexander-Arnold,ENG,DF,Liverpool,23,"9,360,000",37,34,"2,923",32.5,2,9,5,0,43,235,0.06,0.28,22,6,43,40,0,239,0,0,0
Trevoh Chalobah,ENG,DF,Chelsea,23,"2,600,000",25,18,"1,608",17.9,0,0,4,0,17,71,0,0,11,8,24,20,1,86,0,0,0
Tyler Adams,USA,MF,Leeds United,23,"2,860,000",24,24,"2,156",24,0,0,6,1,19,136,0,0,37,21,35,46,0,199,0,0,0
Tyrell Malacia,NED,DF,Manchester Utd,22,"3,900,000",22,14,"1,396",15.5,0,0,6,0,19,44,0,0,39,13,25,33,0,90,0,0,0
Tyrese Francois,AUS,FW,Fulham,22,"50,000",1,0,1,0,0,0,0,0,0,0,0,0,0,0,0,0,0,1,0,0,0
Tyrick Mitchell,ENG,DF,Crystal Palace,22,"2,080,000",36,34,"2,891",32.1,0,2,5,1,23,106,0,0.06,33,10,42,49,0,186,0,0,0
Tyrone Mings,ENG,DF,Aston Villa,29,"4,160,000",35,35,"3,150",35,1,2,7,0,20,111,0.03,0.06,18,22,54,7,1,174,0,0,0
Valentino Livramento,ENG,DF,Southampton,19,"416,000",2,0,28,0.3,0,0,0,0,0,0,0,0,0,2,2,1,0,4,0,0,0
Vicente Guaita,ESP,GK,Crystal Palace,35,"3,900,000",27,27,"2,430",27,0,0,1,0,0,1,0,0,1,3,0,0,0,26,34,84,72.4
Victor Lindelöf,SWE,DF,Manchester Utd,28,"6,240,000",20,14,"1,365",15.2,0,0,1,0,3,36,0,0,10,4,21,17,0,84,0,0,0
Virgil van Dijk,NED,DF,Liverpool,31,"11,440,000",32,32,"2,835",31.5,3,1,3,0,10,127,0.1,0.03,13,3,31,14,0,168,0,0,0
Vitaliy Mykolenko,UKR,DF,Everton,23,"3,016,000",34,30,"2,655",29.5,0,0,4,0,31,100,0,0,29,21,46,34,0,150,0,0,0
Vitaly Janelt,GER,MF,Brentford,24,"1,560,000",35,24,"2,208",24.5,3,1,3,0,14,82,0.12,0.04,22,21,29,27,0,159,0,0,0
Vladimír Coufal,CZE,DF,West Ham,29,"1,820,000",27,24,"2,136",23.7,0,1,5,0,53,82,0,0.04,30,21,38,31,0,150,0,0,0
Wayne Hennessey,WAL,GK,Nott'ham Forest,35,"780,000",4,3,271,3,0,0,0,0,0,0,0,0,0,1,0,0,0,0,5,9,64.3
Wesley Fofana,FRA,DF,Chelsea,21,"10,400,000",2,2,180,2,0,0,1,0,3,6,0,0,2,3,9,2,0,10,0,0,0
Wesley Fofana,FRA,DF,Chelsea,21,"10,400,000",2,2,180,2,0,0,1,0,3,6,0,0,11,22,20,18,0,67,0,0,0
Wesley Fofana,FRA,DF,Chelsea,21,"10,400,000",15,12,"1,183",13.1,1,0,3,0,29,43,0.08,0,2,3,9,2,0,10,0,0,0
Wesley Fofana,FRA,DF,Chelsea,21,"10,400,000",15,12,"1,183",13.1,1,0,3,0,29,43,0.08,0,11,22,20,18,0,67,0,0,0
Weston McKennie,USA,MF,Leeds United,23,"3,900,000",19,16,"1,437",16,0,1,7,0,14,82,0,0.06,21,5,22,13,0,95,0,0,0
Wilfred Ndidi,NGA,MF,Leicester City,25,"3,900,000",27,19,"1,679",18.7,0,0,4,0,11,51,0,0,29,14,38,42,0,146,0,0,0
Wilfried Zaha,CIV,FW,Crystal Palace,29,"6,760,000",27,27,"2,288",25.4,7,2,5,0,86,75,0.28,0.08,35,77,16,20,0,97,0,0,0
Will Hughes,ENG,MF,Crystal Palace,27,"1,820,000",27,7,842,9.4,1,1,4,0,14,32,0.11,0.11,19,7,16,16,0,66,0,0,0
William Saliba,FRA,DF,Arsenal,21,"2,080,000",27,27,"2,415",26.8,2,1,4,0,13,99,0.07,0.04,19,13,19,20,1,206,0,0,0
Willian,BRA,FW,Fulham,33,"2,080,000",27,25,"2,126",23.6,5,5,2,0,97,113,0.21,0.21,11,24,9,8,0,105,0,0,0
Willy Boly,CIV,DF,Nott'ham Forest,31,"2,080,000",11,9,685,7.6,0,1,2,0,1,12,0,0.13,5,5,12,6,0,40,0,0,0
Wout Faes,BEL,DF,Leicester City,24,"2,600,000",31,31,"2,786",31,1,2,6,1,11,74,0.03,0.06,23,17,41,33,2,184,0,0,0
Wout Weghorst,NED,FW,Manchester Utd,29,"1,820,000",17,10,797,8.9,0,1,1,0,3,17,0,0.11,14,9,7,5,0,34,0,0,0
Yasin Ayari,,CM,Brighton,19,"416,000",3,1,67,0.7,0,0,0,0,0,2,0,0,0,3,0,2,0,3,0,0,0
Yerry Mina,COL,DF,Everton,27,"6,240,000",7,7,594,6.6,2,0,2,0,1,13,0.3,0,6,10,6,8,0,31,0,0,0
Yoane Wissa,COD,FW,Brentford,25,"1,040,000",38,16,"1,606",17.8,7,3,3,0,24,27,0.39,0.17,21,26,6,12,0,69,0,0,0
Youri Tielemans,BEL,MF,Leicester City,25,"1,820,000",31,27,"2,344",26,3,2,4,0,35,181,0.12,0.08,33,25,28,39,0,195,0,0,0
Yves Bissouma,MLI,MF,Tottenham,25,"2,860,000",23,10,"1,010",11.2,0,0,6,0,14,62,0,0,17,10,12,13,0,68,0,0,0
Arthur Melo,BRA,MF,Liverpool,25,"5,720,000",,,,,,,,,,,,,,,,,,,,,
Benjamin Mendy,FRA,LB,Manchester City,28,"4,680,000",,,,,,,,,,,,,,,,,,,,,
Ryan Bertrand,ENG,LB,Leicester City,33,"4,160,000",,,,,,,,,,,,,,,,,,,,,
Phil Jones,ENG,CB,Manchester Utd,30,"3,900,000",,,,,,,,,,,,,,,,,,,,,
Jannik Vestergaard,DEN,DF,Leicester City,29,"3,640,000",,,,,,,,,,,,,,,,,,,,,
Brandon Williams,ENG,DF,Manchester Utd,21,"3,380,000",,,,,,,,,,,,,,,,,,,,,
Adrián,ESP,GK,Liverpool,35,"3,120,000",,,,,,,,,,,,,,,,,,,,,
Axel Tuanzebe,ENG,CB,Manchester Utd,24,"2,600,000",,,,,,,,,,,,,,,,,,,,,
Tom Heaton,ENG,GK,Manchester Utd,36,"2,340,000",,,,,,,,,,,,,,,,,,,,,
Stuart Dallas,NIR,RB,Leeds United,31,"2,340,000",,,,,,,,,,,,,,,,,,,,,
Keinan Davis,ENG,CF,Aston Villa,24,"2,340,000",,,,,,,,,,,,,,,,,,,,,
Frederic Guilbert,FRA,RB,Aston Villa,27,"2,080,000",,,,,,,,,,,,,,,,,,,,,
Gaga Slonina,USA,GK,Chelsea,18,"2,080,000",,,,,,,,,,,,,,,,,,,,,
Andros Townsend,ENG,RW,Everton,31,"2,080,000",,,,,,,,,,,,,,,,,,,,,
Alex Telles,BRA,,Manchester Utd,30,"1,950,000",,,,,,,,,,,,,,,,,,,,,
Matt Turner,USA,GK,Arsenal,28,"1,820,000",,,,,,,,,,,,,,,,,,,,,
Jack Butland,ENG,GK,Manchester Utd,29,"1,820,000",,,,,,,,,,,,,,,,,,,,,
Paul Dummett,WAL,DF,Newcastle Utd,30,"1,820,000",,,,,,,,,,,,,,,,,,,,,
Marcus Bettinelli,ENG,GK,Chelsea,30,"1,820,000",,,,,,,,,,,,,,,,,,,,,
Marvelous Nakamba,ZIM,MF,Aston Villa,28,"1,560,000",,,,,,,,,,,,,,,,,,,,,
Alex Smithies,ENG,GK,Leicester City,32,"1,560,000",,,,,,,,,,,,,,,,,,,,,
Karl Darlow,ENG,GK,Newcastle Utd,31,"1,560,000",,,,,,,,,,,,,,,,,,,,,
Omar Richards,ENG,LB,Nott'ham Forest,24,"1,560,000",,,,,,,,,,,,,,,,,,,,,
Scott Carson,ENG,GK,Manchester City,36,"1,560,000",,,,,,,,,,,,,,,,,,,,,
Nathan Ferguson,ENG,CB,Crystal Palace,22,"1,300,000",,,,,,,,,,,,,,,,,,,,,
Darren Randolph,IRL,GK,Bournemouth,35,"1,300,000",,,,,,,,,,,,,,,,,,,,,
Ilya Zabarnyi,,CB,Bournemouth,20,"1,300,000",,,,,,,,,,,,,,,,,,,,,
Victor Kristiansen,,LB,Leicester City,20,"1,300,000",,,,,,,,,,,,,,,,,,,,,
Thomas Strakosha,ALB,GK,Brentford,27,"1,300,000",,,,,,,,,,,,,,,,,,,,,
Loïc Bade,FRA,DF,Nott'ham Forest,22,"1,300,000",,,,,,,,,,,,,,,,,,,,,
Willy Caballero,ARG,GK,Southampton,40,"1,040,000",,,,,,,,,,,,,,,,,,,,,
Jed Steer,ENG,GK,Aston Villa,30,"1,040,000",,,,,,,,,,,,,,,,,,,,,
Léo Bonatini,BRA,CF,Wolves,28,"1,040,000",,,,,,,,,,,,,,,,,,,,,
Harry Arter,IRL,CM,Nott'ham Forest,32,"1,040,000",,,,,,,,,,,,,,,,,,,,,
Lyle Taylor,MSR,FW,Nott'ham Forest,32,"1,040,000",,,,,,,,,,,,,,,,,,,,,
Calvin Ramsay,SCO,DF,Liverpool,19,"780,000",,,,,,,,,,,,,,,,,,,,,
Rhys Williams,ENG,DF,Liverpool,21,"520,000",,,,,,,,,,,,,,,,,,,,,
Kristoffer Klaesson,NOR,GK,Leeds United,21,"520,000",,,,,,,,,,,,,,,,,,,,,
Chiquinho,POR,LW,Wolves,22,"520,000",,,,,,,,,,,,,,,,,,,,,
Matija Šarki?,MNE,GK,Wolves,25,"520,000",,,,,,,,,,,,,,,,,,,,,
Harrison Ashby,,RB,Newcastle Utd,21,"520,000",,,,,,,,,,,,,,,,,,,,,
Loris Karius,GER,GK,Newcastle Utd,29,"520,000",,,,,,,,,,,,,,,,,,,,,
Mark Gillespie,ENG,GK,Newcastle Utd,30,"520,000",,,,,,,,,,,,,,,,,,,,,
Jakub Moder,POL,CM,Brighton,23,"520,000",,,,,,,,,,,,,,,,,,,,,
Tom McGill,,GK,Brighton,23,"520,000",,,,,,,,,,,,,,,,,,,,,
Andy Lonergan,IRL,GK,Everton,38,"520,000",,,,,,,,,,,,,,,,,,,,,
Loïc Mbe Soh,FRA,DF,Nott'ham Forest,21,"520,000",,,,,,,,,,,,,,,,,,,,,
Yerson Mosquera,COL,DF,Wolves,21,"416,000",,,,,,,,,,,,,,,,,,,,,
Charlie Goode,ENG,DF,Brentford,26,"416,000",,,,,,,,,,,,,,,,,,,,,
Matthew Longstaff,ENG,CM,Newcastle Utd,22,"390,000",,,,,,,,,,,,,,,,,,,,,
Alfie Whiteman,ENG,GK,Tottenham,24,"390,000",,,,,,,,,,,,,,,,,,,,,
Brandon Austin,ENG,GK,Tottenham,23,"390,000",,,,,,,,,,,,,,,,,,,,,
Finley Stevens,WAL,DF,Brentford,19,"280,000",,,,,,,,,,,,,,,,,,,,,
Shola Shoretire,ENG,MF,Manchester Utd,18,"260,000",,,,,,,,,,,,,,,,,,,,,
Teden Mengi,ENG,CB,Manchester Utd,20,"260,000",,,,,,,,,,,,,,,,,,,,,
Joe Hodge,,DM,Wolves,20,"260,000",,,,,,,,,,,,,,,,,,,,,
Eldin Jakupovi?,SUI,GK,Everton,37,"260,000",,,,,,,,,,,,,,,,,,,,,
James Hill,ENG,DF,Bournemouth,20,"156,000",,,,,,,,,,,,,,,,,,,,,
Jordan Smith,ENG,GK,Nott'ham Forest,27,"130,000",,,,,,,,,,,,,,,,,,,,,
Will Dennis,ENG,GK,Bournemouth,22,"104,000",,,,,,,,,,,,,,,,,,,,,
Leo Fuhr Hjelde,NOR,DF,Leeds United,18,"104,000",,,,,,,,,,,,,,,,,,,,,
